url,label
http://paypaI-security-update.account-verify.xyz/login.html,1
http://login.paypal.com.user-auth-check.top/verify,1
http://accounts.googIe.com-signin-security.info/auth,1
http://appIe-id.account-recovery-service.online/restore,1
http://microsoft-online-vault.auth-update.site/login,1
http://chasebank-online-security.verify-credentials.xyz/signin,1
http://binance-wallet-connect.web3-claim-airdrop.top/vault,1
http://metamask-io-claim-bonus.crypto-reward.click/seed,1
http://wellsfargo-banking-alert.secure-client.buzz/update,1
http://netflix-billing-issue.account-reactivate.rest/payment,1
http://192.168.1.105/paypal/login.php?user=verify,1
http://45.33.22.11/secure/bankofamerica/signin,1
http://185.220.101.5/apple/id/auth,1
http://104.28.19.44/google-drive/share-document,1
http://bit.ly/3xX9PzL_paypal_verify,1
http://tinyurl.com/y8z9w2kq_bank_update,1
http://cutt.ly/claim-crypto-reward-now,1
http://secure-update-verify-banking-account-login.com.search-gateway.tk/auth.php,1
http://customer-support-helpdesk-credential-validation.work/reset-password,1
http://verify.account-update.bank.gq/login?id=84920492,1
http://login.account-check.site/paypal/?cmd=_login-run&dispatch=5885d80a13c0db1f8e263663d3faee8d,1
https://linkedin.com/,0
http://docs.spotify.com/download/desktop-app,0
https://blog.youtube.com/docs/v2/api-overview,0
https://blog.canva.com/help/center/article?id=102,0
https://bbc.com,0
https://spotify.com/contact,0
https://blog.cloudflare.com/products/category/electronics,0
http://adobe.com/products/category/electronics,0
https://support.bankofamerica.com/blog/2026/cybersecurity-best-practices,0
http://support.cloudflare.com/download/desktop-app,0
https://shopify.com/pricing,0
https://support.adobe.com/about-us,0
http://nytimes.com/about-us,0
https://app.wikipedia.org/pricing,0
https://www.google.com/user/profile,0
https://auth.dropbox.com/contact,0
https://docs.github.com/search?q=security,0
http://dropbox.com,0
https://auth.adobe.com/help/center/article?id=102,0
http://app.coinbase.com/about-us,0
http://support.zoom.us/help/center/article?id=102,0
https://docs.linkedin.com/blog/2026/cybersecurity-best-practices,0
https://www.adobe.com/search?q=security,0
http://blog.figma.com/about-us,0
https://blog.youtube.com/contact,0
http://blog.youtube.com/download/desktop-app,0
https://auth.twitter.com/docs/v2/api-overview,0
http://coinbase.com/about-us,0
http://coinbase.com/docs/v2/api-overview,0
https://instagram.com/,0
http://auth.paypal.com/,0
http://apple.com/user/profile,0
https://app.hubspot.com/user/profile,0
http://www.notion.so/contact,0
https://docs.canva.com/download/desktop-app,0
https://www.binance.com/products/category/electronics,0
http://www.dropbox.com/pricing,0
https://slack.com/user/profile,0
https://blog.facebook.com/about-us,0
https://support.netflix.com/pricing,0
http://blog.google.com/pricing,0
https://blog.apple.com/help/center/article?id=102,0
https://docs.shopify.com,0
https://instagram.com/download/desktop-app,0
https://bankofamerica.com/contact,0
https://app.stackoverflow.com/pricing,0
https://blog.zoom.us/download/desktop-app,0
https://docs.salesforce.com,0
http://notion.so/products/category/electronics,0
https://app.coinbase.com,0
https://microsoft.com/resources/whitepaper.pdf,0
https://auth.hubspot.com/resources/whitepaper.pdf,0
http://www.zoom.us/help/center/article?id=102,0
https://support.chase.com/about-us,0
https://app.youtube.com/blog/2026/cybersecurity-best-practices,0
http://blog.chase.com/search?q=security,0
https://app.apple.com/products/category/electronics,0
https://cnn.com/docs/v2/api-overview,0
https://wellsfargo.com/,0
http://gitlab.com/blog/2026/cybersecurity-best-practices,0
https://app.wikipedia.org/contact,0
https://www.hubspot.com/products/category/electronics,0
https://youtube.com/docs/v2/api-overview,0
https://auth.youtube.com/search?q=security,0
https://blog.zoom.us/docs/v2/api-overview,0
https://spotify.com/docs/v2/api-overview,0
https://netflix.com/search?q=security,0
https://www.google.com/docs/v2/api-overview,0
https://www.linkedin.com/search?q=security,0
https://support.facebook.com/docs/v2/api-overview,0
https://support.microsoft.com/help/center/article?id=102,0
https://docs.dropbox.com/search?q=security,0
https://docs.canva.com/about-us,0
https://youtube.com/blog/2026/cybersecurity-best-practices,0
https://blog.bbc.com/pricing,0
https://app.wellsfargo.com/products/category/electronics,0
https://docs.github.com/products/category/electronics,0
https://microsoft.com/search?q=security,0
http://canva.com/resources/whitepaper.pdf,0
https://www.google.com/search?q=security,0
https://twitter.com/pricing,0
http://twitter.com/pricing,0
https://app.reddit.com,0
http://blog.youtube.com/pricing,0
https://blog.paypal.com/pricing,0
https://support.salesforce.com/download/desktop-app,0
https://support.slack.com/pricing,0
https://www.netflix.com/contact,0
https://medium.com/blog/2026/cybersecurity-best-practices,0
https://support.amazon.com/help/center/article?id=102,0
https://docs.microsoft.com/products/category/electronics,0
https://microsoft.com/resources/whitepaper.pdf,0
https://auth.gitlab.com/docs/v2/api-overview,0
https://chase.com/,0
http://linkedin.com/blog/2026/cybersecurity-best-practices,0
http://chase.com/help/center/article?id=102,0
https://support.chase.com,0
https://binance.com/download/desktop-app,0
https://www.chase.com/search?q=security,0
https://instagram.com,0
https://www.linkedin.com/resources/whitepaper.pdf,0
https://dropbox.com/help/center/article?id=102,0
http://auth.coinbase.com/pricing,0
http://nytimes.com/pricing,0
https://coinbase.com/user/profile,0
https://auth.youtube.com/search?q=security,0
http://bbc.com/products/category/electronics,0
http://www.chase.com/resources/whitepaper.pdf,0
http://blog.dropbox.com/blog/2026/cybersecurity-best-practices,0
https://auth.twitter.com/products/category/electronics,0
http://app.binance.com/docs/v2/api-overview,0
https://blog.spotify.com/resources/whitepaper.pdf,0
https://blog.gitlab.com/search?q=security,0
https://hubspot.com/contact,0
http://auth.spotify.com/download/desktop-app,0
https://support.reddit.com/pricing,0
https://docs.twitter.com/products/category/electronics,0
https://reddit.com/blog/2026/cybersecurity-best-practices,0
http://auth.dropbox.com/help/center/article?id=102,0
https://docs.microsoft.com/download/desktop-app,0
https://auth.cnn.com/download/desktop-app,0
https://docs.slack.com/pricing,0
https://docs.spotify.com/help/center/article?id=102,0
https://cloudflare.com/help/center/article?id=102,0
http://apple.com/,0
https://support.twitter.com/pricing,0
https://auth.cloudflare.com/pricing,0
https://paypal.com/contact,0
http://www.twitter.com/resources/whitepaper.pdf,0
https://support.instagram.com/help/center/article?id=102,0
https://app.reddit.com/resources/whitepaper.pdf,0
https://auth.amazon.com/,0
http://support.github.com/pricing,0
https://www.paypal.com/pricing,0
https://docs.reddit.com/resources/whitepaper.pdf,0
https://nytimes.com/blog/2026/cybersecurity-best-practices,0
https://blog.amazon.com/download/desktop-app,0
https://microsoft.com/products/category/electronics,0
http://www.facebook.com/help/center/article?id=102,0
https://figma.com/user/profile,0
http://blog.gitlab.com/about-us,0
https://www.medium.com/download/desktop-app,0
http://spotify.com/search?q=security,0
https://app.bbc.com/products/category/electronics,0
http://linkedin.com/blog/2026/cybersecurity-best-practices,0
http://google.com/pricing,0
https://gitlab.com,0
https://blog.nytimes.com/download/desktop-app,0
http://auth.cnn.com/resources/whitepaper.pdf,0
http://blog.stackoverflow.com/resources/whitepaper.pdf,0
https://youtube.com/search?q=security,0
https://blog.binance.com/search?q=security,0
https://www.slack.com/about-us,0
https://app.notion.so/about-us,0
https://app.adobe.com/blog/2026/cybersecurity-best-practices,0
https://support.zoom.us/docs/v2/api-overview,0
https://support.figma.com/products/category/electronics,0
https://twitter.com/contact,0
https://spotify.com/download/desktop-app,0
http://support.netflix.com/pricing,0
http://www.twitter.com,0
http://app.notion.so/docs/v2/api-overview,0
https://blog.salesforce.com/blog/2026/cybersecurity-best-practices,0
http://facebook.com/,0
https://blog.bbc.com/,0
http://github.com,0
https://netflix.com/help/center/article?id=102,0
https://docs.figma.com/contact,0
https://canva.com/pricing,0
http://paypal.com/user/profile,0
https://app.youtube.com/blog/2026/cybersecurity-best-practices,0
http://notion.so/products/category/electronics,0
https://app.reddit.com/user/profile,0
https://www.github.com/blog/2026/cybersecurity-best-practices,0
https://www.apple.com/user/profile,0
https://www.twitter.com/about-us,0
https://blog.twitter.com/user/profile,0
https://support.google.com/pricing,0
https://instagram.com/,0
http://support.google.com/download/desktop-app,0
https://docs.reddit.com,0
http://support.binance.com/search?q=security,0
http://docs.twitter.com/user/profile,0
https://app.nytimes.com/docs/v2/api-overview,0
https://docs.youtube.com,0
https://reddit.com/products/category/electronics,0
https://www.nytimes.com/help/center/article?id=102,0
https://docs.linkedin.com/docs/v2/api-overview,0
http://binance.com/docs/v2/api-overview,0
https://blog.salesforce.com/search?q=security,0
https://auth.spotify.com/pricing,0
https://blog.google.com/download/desktop-app,0
https://cnn.com/docs/v2/api-overview,0
https://support.amazon.com/products/category/electronics,0
https://docs.instagram.com/help/center/article?id=102,0
http://docs.bbc.com,0
http://app.slack.com/blog/2026/cybersecurity-best-practices,0
https://microsoft.com/blog/2026/cybersecurity-best-practices,0
https://reddit.com/contact,0
http://app.amazon.com/pricing,0
https://auth.linkedin.com/help/center/article?id=102,0
http://linkedin.com/resources/whitepaper.pdf,0
https://apple.com/,0
http://blog.canva.com/contact,0
https://blog.github.com/search?q=security,0
https://facebook.com/user/profile,0
http://coinbase.com/products/category/electronics,0
https://shopify.com/docs/v2/api-overview,0
https://hubspot.com/contact,0
https://auth.instagram.com/search?q=security,0
https://blog.wikipedia.org/,0
https://salesforce.com/contact,0
https://docs.wikipedia.org/,0
https://support.adobe.com/help/center/article?id=102,0
https://docs.google.com,0
https://paypal.com/products/category/electronics,0
http://app.notion.so/blog/2026/cybersecurity-best-practices,0
http://support.gitlab.com/blog/2026/cybersecurity-best-practices,0
http://support.wellsfargo.com/about-us,0
https://facebook.com/resources/whitepaper.pdf,0
https://binance.com/pricing,0
https://docs.coinbase.com,0
https://microsoft.com,0
https://docs.amazon.com/resources/whitepaper.pdf,0
https://auth.reddit.com/help/center/article?id=102,0
https://support.netflix.com/products/category/electronics,0
https://docs.cnn.com,0
https://spotify.com/products/category/electronics,0
http://google.com/,0
http://www.cnn.com/products/category/electronics,0
http://wikipedia.org/download/desktop-app,0
https://stackoverflow.com/blog/2026/cybersecurity-best-practices,0
https://youtube.com/search?q=security,0
https://docs.wikipedia.org/resources/whitepaper.pdf,0
https://blog.twitter.com/about-us,0
https://figma.com/help/center/article?id=102,0
https://gitlab.com/contact,0
https://support.shopify.com/search?q=security,0
https://app.twitter.com/help/center/article?id=102,0
https://www.stackoverflow.com/resources/whitepaper.pdf,0
https://adobe.com/,0
http://docs.spotify.com/download/desktop-app,0
https://docs.github.com/help/center/article?id=102,0
https://microsoft.com/user/profile,0
https://gitlab.com/user/profile,0
http://blog.cloudflare.com/docs/v2/api-overview,0
https://support.dropbox.com/search?q=security,0
http://docs.amazon.com/resources/whitepaper.pdf,0
http://app.figma.com/download/desktop-app,0
https://hubspot.com/download/desktop-app,0
https://app.amazon.com/resources/whitepaper.pdf,0
http://instagram.com/docs/v2/api-overview,0
https://auth.coinbase.com/search?q=security,0
http://auth.netflix.com/contact,0
https://support.zoom.us/contact,0
https://support.figma.com/user/profile,0
https://docs.slack.com/pricing,0
http://auth.github.com/contact,0
https://support.youtube.com/,0
https://adobe.com/contact,0
http://coinbase.com/download/desktop-app,0
https://chase.com/contact,0
https://www.nytimes.com/pricing,0
https://notion.so/download/desktop-app,0
https://shopify.com/resources/whitepaper.pdf,0
https://app.notion.so/download/desktop-app,0
https://notion.so/resources/whitepaper.pdf,0
https://app.wellsfargo.com/help/center/article?id=102,0
http://www.gitlab.com/contact,0
https://youtube.com/,0
https://docs.spotify.com/products/category/electronics,0
https://twitter.com/download/desktop-app,0
https://microsoft.com/contact,0
https://app.cloudflare.com/products/category/electronics,0
https://app.gitlab.com/blog/2026/cybersecurity-best-practices,0
https://blog.facebook.com/help/center/article?id=102,0
https://instagram.com,0
https://support.chase.com/search?q=security,0
https://zoom.us,0
https://netflix.com/search?q=security,0
http://auth.adobe.com/blog/2026/cybersecurity-best-practices,0
http://auth.stackoverflow.com/products/category/electronics,0
https://www.wellsfargo.com/search?q=security,0
https://shopify.com/pricing,0
http://www.chase.com/contact,0
https://app.linkedin.com/user/profile,0
https://support.salesforce.com/search?q=security,0
https://app.spotify.com/blog/2026/cybersecurity-best-practices,0
https://wikipedia.org/user/profile,0
https://www.hubspot.com/contact,0
https://support.gitlab.com/blog/2026/cybersecurity-best-practices,0
https://auth.netflix.com/contact,0
https://blog.amazon.com/contact,0
https://google.com/docs/v2/api-overview,0
https://apple.com/user/profile,0
https://binance.com/resources/whitepaper.pdf,0
http://blog.github.com/download/desktop-app,0
https://twitter.com/resources/whitepaper.pdf,0
https://gitlab.com/resources/whitepaper.pdf,0
https://www.netflix.com/pricing,0
https://facebook.com/download/desktop-app,0
https://coinbase.com/search?q=security,0
https://docs.salesforce.com/,0
https://www.binance.com/contact,0
https://docs.coinbase.com/user/profile,0
https://www.slack.com/contact,0
https://app.figma.com/download/desktop-app,0
http://app.figma.com/resources/whitepaper.pdf,0
http://cloudflare.com/pricing,0
http://auth.notion.so/,0
https://auth.dropbox.com/pricing,0
http://app.hubspot.com/products/category/electronics,0
https://support.cnn.com/resources/whitepaper.pdf,0
https://auth.instagram.com/pricing,0
http://facebook.com/blog/2026/cybersecurity-best-practices,0
https://www.microsoft.com/search?q=security,0
http://support.salesforce.com,0
https://support.stackoverflow.com/user/profile,0
https://auth.binance.com/user/profile,0
https://www.facebook.com/blog/2026/cybersecurity-best-practices,0
http://www.medium.com/pricing,0
https://support.zoom.us/help/center/article?id=102,0
https://support.amazon.com/search?q=security,0
https://docs.wellsfargo.com/about-us,0
https://auth.zoom.us/user/profile,0
https://app.facebook.com,0
https://wikipedia.org/blog/2026/cybersecurity-best-practices,0
https://docs.nytimes.com/download/desktop-app,0
https://docs.stackoverflow.com/download/desktop-app,0
https://docs.canva.com/blog/2026/cybersecurity-best-practices,0
https://auth.bbc.com/blog/2026/cybersecurity-best-practices,0
https://paypal.com/docs/v2/api-overview,0
https://www.gitlab.com/contact,0
https://coinbase.com/pricing,0
https://app.amazon.com/user/profile,0
https://blog.microsoft.com/download/desktop-app,0
http://support.linkedin.com/search?q=security,0
https://wellsfargo.com/blog/2026/cybersecurity-best-practices,0
https://auth.hubspot.com/help/center/article?id=102,0
https://docs.canva.com/user/profile,0
https://amazon.com/,0
https://blog.medium.com/docs/v2/api-overview,0
https://adobe.com/pricing,0
https://www.spotify.com,0
https://blog.github.com/blog/2026/cybersecurity-best-practices,0
https://zoom.us,0
https://wellsfargo.com/search?q=security,0
http://docs.apple.com,0
https://stackoverflow.com/help/center/article?id=102,0
https://docs.wikipedia.org/,0
https://app.reddit.com/products/category/electronics,0
https://instagram.com/search?q=security,0
https://app.microsoft.com,0
https://www.chase.com/pricing,0
https://instagram.com/user/profile,0
https://www.canva.com/help/center/article?id=102,0
https://reddit.com/download/desktop-app,0
https://auth.gitlab.com/blog/2026/cybersecurity-best-practices,0
https://chase.com/blog/2026/cybersecurity-best-practices,0
https://auth.wellsfargo.com/user/profile,0
https://paypal.com/resources/whitepaper.pdf,0
https://auth.dropbox.com/products/category/electronics,0
https://support.salesforce.com/docs/v2/api-overview,0
https://app.binance.com/user/profile,0
https://auth.linkedin.com/pricing,0
https://auth.shopify.com,0
http://shopify.com/help/center/article?id=102,0
https://docs.microsoft.com/help/center/article?id=102,0
https://spotify.com/pricing,0
https://blog.bbc.com/contact,0
https://blog.amazon.com,0
http://google.com/resources/whitepaper.pdf,0
https://slack.com/download/desktop-app,0
http://figma.com/user/profile,0
http://www.chase.com,0
https://linkedin.com/products/category/electronics,0
https://docs.adobe.com/,0
http://microsoft.com/blog/2026/cybersecurity-best-practices,0
https://app.instagram.com/products/category/electronics,0
https://figma.com/contact,0
https://app.reddit.com,0
https://www.github.com/user/profile,0
https://auth.coinbase.com/,0
https://www.chase.com/blog/2026/cybersecurity-best-practices,0
https://blog.google.com/resources/whitepaper.pdf,0
http://www.figma.com,0
https://docs.slack.com/resources/whitepaper.pdf,0
https://www.linkedin.com/pricing,0
http://blog.coinbase.com/resources/whitepaper.pdf,0
https://twitter.com/search?q=security,0
https://app.bbc.com/,0
https://support.shopify.com/,0
https://blog.hubspot.com/about-us,0
https://blog.instagram.com/about-us,0
http://www.coinbase.com/blog/2026/cybersecurity-best-practices,0
https://docs.linkedin.com/contact,0
https://blog.twitter.com/contact,0
http://www.dropbox.com/search?q=security,0
http://slack.com/products/category/electronics,0
https://support.instagram.com/about-us,0
https://www.dropbox.com/user/profile,0
http://docs.figma.com/contact,0
https://blog.microsoft.com/resources/whitepaper.pdf,0
https://docs.binance.com/search?q=security,0
https://docs.cloudflare.com/user/profile,0
http://auth.bankofamerica.com/about-us,0
https://shopify.com/user/profile,0
https://support.paypal.com,0
https://app.cloudflare.com/search?q=security,0
https://zoom.us/about-us,0
https://auth.twitter.com/download/desktop-app,0
http://blog.figma.com/search?q=security,0
https://auth.salesforce.com/user/profile,0
https://reddit.com/search?q=security,0
https://auth.hubspot.com/search?q=security,0
http://canva.com/download/desktop-app,0
https://docs.nytimes.com/,0
https://blog.canva.com/download/desktop-app,0
http://docs.cloudflare.com/download/desktop-app,0
https://support.binance.com/download/desktop-app,0
https://www.microsoft.com/,0
https://facebook.com/user/profile,0
https://docs.salesforce.com/resources/whitepaper.pdf,0
https://app.chase.com/,0
http://instagram.com/,0
https://netflix.com/resources/whitepaper.pdf,0
http://www.zoom.us/help/center/article?id=102,0
https://docs.microsoft.com/docs/v2/api-overview,0
https://auth.twitter.com/download/desktop-app,0
http://shopify.com/user/profile,0
https://auth.apple.com/resources/whitepaper.pdf,0
https://auth.twitter.com/pricing,0
https://app.hubspot.com/user/profile,0
https://auth.binance.com/resources/whitepaper.pdf,0
http://chase.com/contact,0
https://docs.spotify.com/resources/whitepaper.pdf,0
https://docs.wellsfargo.com/help/center/article?id=102,0
https://docs.gitlab.com/products/category/electronics,0
http://www.canva.com/blog/2026/cybersecurity-best-practices,0
https://medium.com/search?q=security,0
https://blog.dropbox.com/user/profile,0
https://blog.salesforce.com/search?q=security,0
https://slack.com/about-us,0
https://gitlab.com/about-us,0
https://support.youtube.com/help/center/article?id=102,0
http://auth.shopify.com/docs/v2/api-overview,0
https://app.figma.com/docs/v2/api-overview,0
http://docs.gitlab.com/products/category/electronics,0
http://www.binance.com/,0
https://dropbox.com/blog/2026/cybersecurity-best-practices,0
https://www.amazon.com/search?q=security,0
https://dropbox.com,0
https://paypal.com/pricing,0
http://blog.salesforce.com/contact,0
https://support.github.com/user/profile,0
https://app.microsoft.com/about-us,0
http://medium.com/,0
https://paypal.com/about-us,0
http://auth.reddit.com/resources/whitepaper.pdf,0
http://apple.com/download/desktop-app,0
https://docs.linkedin.com/about-us,0
https://stackoverflow.com/user/profile,0
https://www.amazon.com/products/category/electronics,0
https://docs.figma.com/products/category/electronics,0
https://cnn.com/download/desktop-app,0
https://linkedin.com/docs/v2/api-overview,0
http://www.amazon.com/download/desktop-app,0
https://cloudflare.com/resources/whitepaper.pdf,0
https://instagram.com/search?q=security,0
http://app.nytimes.com/,0
https://bbc.com/products/category/electronics,0
https://notion.so/about-us,0
https://app.netflix.com/help/center/article?id=102,0
https://blog.apple.com/download/desktop-app,0
http://docs.github.com/user/profile,0
https://cloudflare.com/pricing,0
http://bbc.com,0
http://support.instagram.com/pricing,0
https://blog.chase.com/docs/v2/api-overview,0
http://wikipedia.org/,0
http://stackoverflow.com/search?q=security,0
https://www.google.com/,0
https://wellsfargo.com/contact,0
https://youtube.com,0
https://auth.adobe.com/pricing,0
https://auth.nytimes.com/products/category/electronics,0
http://blog.gitlab.com/about-us,0
https://www.linkedin.com/contact,0
https://auth.spotify.com/blog/2026/cybersecurity-best-practices,0
https://app.notion.so/about-us,0
https://canva.com/products/category/electronics,0
https://blog.cnn.com/products/category/electronics,0
http://gitlab.com/resources/whitepaper.pdf,0
https://wikipedia.org/blog/2026/cybersecurity-best-practices,0
https://www.notion.so/contact,0
https://facebook.com/user/profile,0
https://blog.bbc.com/about-us,0
http://app.medium.com/about-us,0
https://app.nytimes.com/search?q=security,0
https://auth.stackoverflow.com/about-us,0
https://www.salesforce.com/blog/2026/cybersecurity-best-practices,0
https://www.microsoft.com/about-us,0
http://shopify.com/download/desktop-app,0
https://slack.com/resources/whitepaper.pdf,0
http://dropbox.com/help/center/article?id=102,0
http://www.gitlab.com/user/profile,0
http://docs.binance.com/help/center/article?id=102,0
https://figma.com/,0
http://bankofamerica.com/docs/v2/api-overview,0
https://zoom.us/pricing,0
https://auth.gitlab.com/blog/2026/cybersecurity-best-practices,0
https://twitter.com/about-us,0
http://blog.github.com/docs/v2/api-overview,0
http://www.binance.com/blog/2026/cybersecurity-best-practices,0
https://spotify.com/search?q=security,0
https://support.medium.com/blog/2026/cybersecurity-best-practices,0
https://support.hubspot.com/download/desktop-app,0
https://twitter.com/blog/2026/cybersecurity-best-practices,0
https://blog.paypal.com/contact,0
http://auth.slack.com/blog/2026/cybersecurity-best-practices,0
https://cnn.com/download/desktop-app,0
http://auth.notion.so/blog/2026/cybersecurity-best-practices,0
http://www.twitter.com/contact,0
https://www.google.com,0
https://microsoft.com/download/desktop-app,0
https://google.com/about-us,0
https://support.canva.com/docs/v2/api-overview,0
https://auth.microsoft.com/blog/2026/cybersecurity-best-practices,0
http://app.wellsfargo.com/blog/2026/cybersecurity-best-practices,0
https://reddit.com/user/profile,0
http://www.netflix.com,0
https://shopify.com/user/profile,0
http://coinbase.com,0
https://shopify.com/search?q=security,0
https://instagram.com/user/profile,0
https://dropbox.com/products/category/electronics,0
https://blog.netflix.com/contact,0
https://www.microsoft.com/docs/v2/api-overview,0
https://www.youtube.com/search?q=security,0
http://www.hubspot.com/blog/2026/cybersecurity-best-practices,0
https://app.cnn.com/download/desktop-app,0
https://microsoft.com/pricing,0
https://www.shopify.com/blog/2026/cybersecurity-best-practices,0
https://reddit.com/products/category/electronics,0
https://gitlab.com/blog/2026/cybersecurity-best-practices,0
https://auth.medium.com/resources/whitepaper.pdf,0
https://cloudflare.com/pricing,0
https://app.reddit.com/contact,0
http://auth.bbc.com,0
http://dropbox.com/resources/whitepaper.pdf,0
http://auth.notion.so/pricing,0
http://docs.nytimes.com/user/profile,0
https://support.paypal.com/contact,0
http://instagram.com/,0
https://blog.hubspot.com/products/category/electronics,0
https://blog.microsoft.com/blog/2026/cybersecurity-best-practices,0
https://apple.com/resources/whitepaper.pdf,0
https://amazon.com/,0
https://blog.chase.com/search?q=security,0
https://support.facebook.com/search?q=security,0
https://www.zoom.us/pricing,0
https://docs.twitter.com/resources/whitepaper.pdf,0
https://www.slack.com/help/center/article?id=102,0
http://app.hubspot.com/blog/2026/cybersecurity-best-practices,0
https://www.gitlab.com/pricing,0
http://support.microsoft.com/about-us,0
https://app.figma.com/user/profile,0
https://docs.netflix.com/about-us,0
http://spotify.com/help/center/article?id=102,0
https://gitlab.com/pricing,0
http://linkedin.com/about-us,0
http://www.slack.com/user/profile,0
https://linkedin.com/user/profile,0
https://stackoverflow.com,0
https://docs.github.com/products/category/electronics,0
http://docs.reddit.com/help/center/article?id=102,0
https://support.salesforce.com/resources/whitepaper.pdf,0
https://auth.github.com/about-us,0
https://app.reddit.com/products/category/electronics,0
https://cloudflare.com/pricing,0
https://bankofamerica.com/,0
http://bbc.com/docs/v2/api-overview,0
https://docs.facebook.com/docs/v2/api-overview,0
https://www.bbc.com/resources/whitepaper.pdf,0
https://coinbase.com/search?q=security,0
http://auth.adobe.com/help/center/article?id=102,0
https://www.salesforce.com/download/desktop-app,0
https://support.apple.com/help/center/article?id=102,0
https://app.dropbox.com/user/profile,0
https://www.notion.so/,0
https://auth.chase.com,0
https://blog.microsoft.com/about-us,0
http://blog.amazon.com/products/category/electronics,0
http://support.nytimes.com/blog/2026/cybersecurity-best-practices,0
https://auth.coinbase.com/,0
https://blog.apple.com/download/desktop-app,0
https://slack.com/,0
http://zoom.us/about-us,0
https://wikipedia.org,0
https://auth.chase.com/products/category/electronics,0
https://auth.figma.com/download/desktop-app,0
https://amazon.com/,0
https://docs.reddit.com/pricing,0
http://blog.microsoft.com/search?q=security,0
http://www.cnn.com/products/category/electronics,0
https://auth.wikipedia.org/,0
https://support.nytimes.com,0
http://app.twitter.com/about-us,0
https://www.netflix.com/docs/v2/api-overview,0
https://www.adobe.com/download/desktop-app,0
https://instagram.com/search?q=security,0
https://bankofamerica.com/resources/whitepaper.pdf,0
https://docs.salesforce.com/contact,0
http://auth.figma.com/docs/v2/api-overview,0
http://blog.netflix.com,0
http://support.paypal.com/help/center/article?id=102,0
https://docs.cloudflare.com/search?q=security,0
https://docs.medium.com/help/center/article?id=102,0
http://app.nytimes.com/,0
http://docs.spotify.com/search?q=security,0
https://app.spotify.com/products/category/electronics,0
http://blog.adobe.com/docs/v2/api-overview,0
https://app.hubspot.com/docs/v2/api-overview,0
http://salesforce.com/products/category/electronics,0
https://auth.notion.so,0
https://amazon.com,0
https://app.notion.so/about-us,0
https://github.com/download/desktop-app,0
http://www.notion.so/pricing,0
https://www.shopify.com/help/center/article?id=102,0
http://blog.reddit.com/download/desktop-app,0
https://zoom.us/products/category/electronics,0
https://blog.apple.com,0
https://blog.bbc.com,0
https://support.bbc.com/resources/whitepaper.pdf,0
https://netflix.com/contact,0
https://www.nytimes.com/,0
http://www.google.com/resources/whitepaper.pdf,0
https://cloudflare.com/products/category/electronics,0
https://docs.facebook.com/products/category/electronics,0
https://auth.microsoft.com/products/category/electronics,0
https://auth.gitlab.com/user/profile,0
https://blog.salesforce.com/,0
http://auth.wellsfargo.com/,0
https://github.com/blog/2026/cybersecurity-best-practices,0
https://auth.apple.com/user/profile,0
https://shopify.com/docs/v2/api-overview,0
https://auth.github.com/blog/2026/cybersecurity-best-practices,0
https://canva.com/search?q=security,0
https://app.wellsfargo.com/,0
https://bankofamerica.com/docs/v2/api-overview,0
https://docs.apple.com/user/profile,0
https://docs.coinbase.com/download/desktop-app,0
https://support.notion.so/about-us,0
http://instagram.com/about-us,0
https://support.canva.com/docs/v2/api-overview,0
https://auth.netflix.com/blog/2026/cybersecurity-best-practices,0
https://app.slack.com/docs/v2/api-overview,0
https://auth.apple.com/search?q=security,0
https://notion.so/blog/2026/cybersecurity-best-practices,0
https://app.shopify.com/help/center/article?id=102,0
https://www.reddit.com/download/desktop-app,0
https://auth.github.com/download/desktop-app,0
http://blog.twitter.com/help/center/article?id=102,0
https://youtube.com/download/desktop-app,0
https://docs.zoom.us/contact,0
http://slack.com/about-us,0
https://blog.hubspot.com,0
https://docs.apple.com,0
https://auth.figma.com,0
https://auth.twitter.com/about-us,0
http://support.wellsfargo.com/contact,0
https://www.coinbase.com/about-us,0
https://canva.com/help/center/article?id=102,0
http://support.binance.com/about-us,0
https://app.linkedin.com/pricing,0
https://linkedin.com/download/desktop-app,0
https://docs.gitlab.com/about-us,0
https://gitlab.com/products/category/electronics,0
https://app.binance.com/search?q=security,0
https://docs.paypal.com/products/category/electronics,0
http://www.slack.com/contact,0
http://coinbase.com,0
https://blog.apple.com,0
http://auth.twitter.com/search?q=security,0
https://notion.so,0
https://support.shopify.com/user/profile,0
https://app.youtube.com/docs/v2/api-overview,0
https://docs.youtube.com/docs/v2/api-overview,0
https://reddit.com/user/profile,0
https://bbc.com,0
https://docs.stackoverflow.com/download/desktop-app,0
https://www.canva.com/contact,0
https://blog.slack.com/pricing,0
https://netflix.com/pricing,0
https://blog.medium.com/search?q=security,0
https://apple.com/help/center/article?id=102,0
http://app.nytimes.com/products/category/electronics,0
https://nytimes.com/help/center/article?id=102,0
https://app.facebook.com/search?q=security,0
http://www.netflix.com,0
http://blog.canva.com/user/profile,0
https://hubspot.com/about-us,0
https://gitlab.com/blog/2026/cybersecurity-best-practices,0
https://app.stackoverflow.com/search?q=security,0
http://www.facebook.com/products/category/electronics,0
http://docs.instagram.com/,0
http://apple.com/search?q=security,0
https://support.cloudflare.com/,0
http://docs.facebook.com/contact,0
https://docs.coinbase.com/user/profile,0
https://www.canva.com,0
https://blog.figma.com/about-us,0
https://www.zoom.us/docs/v2/api-overview,0
http://blog.cnn.com/about-us,0
http://auth.cnn.com/resources/whitepaper.pdf,0
http://app.bankofamerica.com/search?q=security,0
https://support.nytimes.com/search?q=security,0
https://slack.com/about-us,0
https://docs.chase.com/download/desktop-app,0
https://cloudflare.com/about-us,0
https://nytimes.com/download/desktop-app,0
https://netflix.com/about-us,0
http://medium.com/help/center/article?id=102,0
https://blog.youtube.com,0
https://www.bankofamerica.com/contact,0
http://blog.github.com/blog/2026/cybersecurity-best-practices,0
https://salesforce.com/download/desktop-app,0
https://stackoverflow.com/,0
http://support.coinbase.com/contact,0
http://auth.microsoft.com/help/center/article?id=102,0
https://auth.notion.so/contact,0
https://docs.shopify.com/about-us,0
https://www.dropbox.com/products/category/electronics,0
https://docs.chase.com/contact,0
https://auth.notion.so/products/category/electronics,0
http://support.facebook.com/products/category/electronics,0
https://www.notion.so/search?q=security,0
https://bbc.com/resources/whitepaper.pdf,0
https://app.bankofamerica.com/pricing,0
https://blog.linkedin.com/docs/v2/api-overview,0
https://twitter.com/products/category/electronics,0
https://adobe.com/docs/v2/api-overview,0
https://docs.netflix.com/blog/2026/cybersecurity-best-practices,0
https://app.linkedin.com/pricing,0
https://docs.wellsfargo.com/search?q=security,0
https://docs.canva.com/about-us,0
http://docs.cloudflare.com/contact,0
https://wellsfargo.com,0
http://app.netflix.com/search?q=security,0
https://blog.salesforce.com/help/center/article?id=102,0
https://blog.microsoft.com/blog/2026/cybersecurity-best-practices,0
https://blog.github.com/resources/whitepaper.pdf,0
https://support.notion.so/search?q=security,0
http://stackoverflow.com/docs/v2/api-overview,0
https://linkedin.com/resources/whitepaper.pdf,0
https://github.com/pricing,0
https://www.stackoverflow.com/about-us,0
https://www.facebook.com/download/desktop-app,0
https://blog.spotify.com/help/center/article?id=102,0
http://app.spotify.com,0
https://www.cloudflare.com/blog/2026/cybersecurity-best-practices,0
https://support.chase.com/download/desktop-app,0
http://stackoverflow.com/user/profile,0
http://auth.salesforce.com/pricing,0
https://www.wikipedia.org/resources/whitepaper.pdf,0
http://support.paypal.com/pricing,0
https://auth.medium.com/docs/v2/api-overview,0
http://auth.slack.com/help/center/article?id=102,0
https://support.slack.com/docs/v2/api-overview,0
https://app.wellsfargo.com/products/category/electronics,0
https://support.facebook.com/products/category/electronics,0
http://binance.com/,0
https://auth.microsoft.com/pricing,0
http://coinbase.com/docs/v2/api-overview,0
https://support.google.com/about-us,0
https://apple.com/contact,0
https://docs.dropbox.com/products/category/electronics,0
https://support.slack.com/help/center/article?id=102,0
https://blog.shopify.com/resources/whitepaper.pdf,0
https://shopify.com/resources/whitepaper.pdf,0
http://support.chase.com/help/center/article?id=102,0
https://auth.slack.com/resources/whitepaper.pdf,0
https://auth.canva.com/resources/whitepaper.pdf,0
https://app.paypal.com/search?q=security,0
https://adobe.com/search?q=security,0
http://docs.amazon.com/download/desktop-app,0
http://blog.dropbox.com/search?q=security,0
https://support.paypal.com/blog/2026/cybersecurity-best-practices,0
https://support.github.com/pricing,0
https://support.apple.com/help/center/article?id=102,0
https://support.cnn.com/,0
https://reddit.com/,0
http://auth.bankofamerica.com/products/category/electronics,0
https://www.stackoverflow.com/help/center/article?id=102,0
https://auth.instagram.com/docs/v2/api-overview,0
https://www.nytimes.com/blog/2026/cybersecurity-best-practices,0
http://dropbox.com/docs/v2/api-overview,0
https://docs.bbc.com/user/profile,0
https://nytimes.com/about-us,0
https://app.salesforce.com,0
http://blog.bbc.com/contact,0
https://stackoverflow.com,0
https://facebook.com/download/desktop-app,0
https://docs.bankofamerica.com/help/center/article?id=102,0
https://blog.gitlab.com/search?q=security,0
https://salesforce.com/user/profile,0
http://support.linkedin.com/products/category/electronics,0
https://blog.wikipedia.org/contact,0
https://instagram.com/about-us,0
https://blog.binance.com/products/category/electronics,0
http://app.facebook.com/docs/v2/api-overview,0
https://spotify.com/docs/v2/api-overview,0
https://gitlab.com,0
https://blog.cnn.com/help/center/article?id=102,0
https://apple.com/help/center/article?id=102,0
https://blog.shopify.com,0
https://hubspot.com/products/category/electronics,0
https://app.gitlab.com/user/profile,0
http://app.bankofamerica.com/docs/v2/api-overview,0
https://twitter.com/resources/whitepaper.pdf,0
https://adobe.com/about-us,0
https://www.twitter.com,0
https://wikipedia.org/,0
https://cnn.com/help/center/article?id=102,0
http://docs.paypal.com/search?q=security,0
https://app.netflix.com/contact,0
http://hubspot.com/resources/whitepaper.pdf,0
https://docs.coinbase.com/resources/whitepaper.pdf,0
http://blog.netflix.com/about-us,0
http://binance.com/pricing,0
https://cnn.com/download/desktop-app,0
https://blog.reddit.com/download/desktop-app,0
http://app.google.com/blog/2026/cybersecurity-best-practices,0
https://app.cnn.com/products/category/electronics,0
https://www.gitlab.com/help/center/article?id=102,0
https://auth.bbc.com/blog/2026/cybersecurity-best-practices,0
https://auth.dropbox.com/download/desktop-app,0
https://docs.netflix.com/resources/whitepaper.pdf,0
https://www.twitter.com/about-us,0
https://twitter.com,0
https://www.spotify.com/contact,0
https://app.medium.com,0
https://salesforce.com/user/profile,0
https://bbc.com,0
https://auth.gitlab.com/about-us,0
https://netflix.com/blog/2026/cybersecurity-best-practices,0
https://auth.twitter.com/docs/v2/api-overview,0
http://auth.shopify.com/help/center/article?id=102,0
https://app.twitter.com/products/category/electronics,0
https://www.shopify.com/about-us,0
https://docs.figma.com/user/profile,0
https://docs.cnn.com/about-us,0
http://cnn.com/blog/2026/cybersecurity-best-practices,0
https://youtube.com/blog/2026/cybersecurity-best-practices,0
https://docs.cloudflare.com/search?q=security,0
https://docs.instagram.com/pricing,0
https://www.coinbase.com/about-us,0
http://canva.com/,0
https://support.hubspot.com/products/category/electronics,0
http://auth.medium.com/help/center/article?id=102,0
https://cnn.com/docs/v2/api-overview,0
http://salesforce.com/,0
http://app.reddit.com/resources/whitepaper.pdf,0
https://docs.cloudflare.com/help/center/article?id=102,0
https://shopify.com/resources/whitepaper.pdf,0
https://auth.gitlab.com/help/center/article?id=102,0
https://blog.chase.com/user/profile,0
https://support.youtube.com/help/center/article?id=102,0
https://support.cnn.com/resources/whitepaper.pdf,0
https://app.adobe.com/resources/whitepaper.pdf,0
http://netflix.com,0
https://support.hubspot.com/search?q=security,0
http://auth.notion.so/products/category/electronics,0
http://support.nytimes.com/resources/whitepaper.pdf,0
https://blog.amazon.com/contact,0
http://blog.paypal.com/contact,0
https://blog.gitlab.com/contact,0
https://docs.bankofamerica.com/user/profile,0
https://hubspot.com/search?q=security,0
https://app.coinbase.com/,0
https://paypal.com,0
https://spotify.com/pricing,0
https://support.twitter.com/resources/whitepaper.pdf,0
http://medium.com/download/desktop-app,0
https://app.cnn.com/pricing,0
https://www.notion.so/user/profile,0
http://support.cloudflare.com/help/center/article?id=102,0
http://docs.chase.com/about-us,0
https://auth.netflix.com/docs/v2/api-overview,0
https://blog.stackoverflow.com/about-us,0
https://blog.coinbase.com/resources/whitepaper.pdf,0
http://auth.gitlab.com/pricing,0
https://blog.binance.com/blog/2026/cybersecurity-best-practices,0
https://nytimes.com/help/center/article?id=102,0
http://auth.github.com,0
https://blog.instagram.com/download/desktop-app,0
http://docs.shopify.com/download/desktop-app,0
https://app.notion.so/search?q=security,0
http://www.netflix.com/help/center/article?id=102,0
http://www.apple.com,0
https://docs.figma.com/about-us,0
https://dropbox.com/contact,0
http://docs.figma.com/resources/whitepaper.pdf,0
https://support.twitter.com/search?q=security,0
https://slack.com/docs/v2/api-overview,0
https://notion.so,0
https://docs.github.com/contact,0
https://blog.apple.com/contact,0
https://docs.figma.com/resources/whitepaper.pdf,0
http://www.gitlab.com/contact,0
https://auth.nytimes.com/help/center/article?id=102,0
https://support.github.com/blog/2026/cybersecurity-best-practices,0
https://app.wellsfargo.com/,0
https://support.cloudflare.com/products/category/electronics,0
https://support.microsoft.com/,0
http://docs.binance.com/resources/whitepaper.pdf,0
https://docs.hubspot.com/,0
https://twitter.com/contact,0
https://blog.binance.com/,0
https://auth.reddit.com/pricing,0
http://facebook.com/resources/whitepaper.pdf,0
http://amazon.com/,0
http://www.adobe.com,0
https://support.linkedin.com/pricing,0
https://support.google.com/download/desktop-app,0
https://support.canva.com/resources/whitepaper.pdf,0
http://docs.stackoverflow.com/help/center/article?id=102,0
https://www.canva.com/pricing,0
https://auth.zoom.us/products/category/electronics,0
https://www.cloudflare.com/,0
https://app.amazon.com/,0
http://support.cnn.com/help/center/article?id=102,0
https://docs.canva.com/pricing,0
http://apple.com/products/category/electronics,0
http://wellsfargo.com/user/profile,0
https://auth.stackoverflow.com/contact,0
https://figma.com/products/category/electronics,0
https://bankofamerica.com/help/center/article?id=102,0
http://docs.shopify.com/help/center/article?id=102,0
https://twitter.com/products/category/electronics,0
http://support.github.com/products/category/electronics,0
https://auth.salesforce.com/search?q=security,0
https://www.coinbase.com/about-us,0
http://chase.com/search?q=security,0
https://dropbox.com/about-us,0
https://www.stackoverflow.com/contact,0
http://blog.paypal.com/products/category/electronics,0
https://nytimes.com/user/profile,0
https://app.dropbox.com/contact,0
http://adobe.com/,0
https://blog.notion.so/user/profile,0
https://blog.spotify.com/blog/2026/cybersecurity-best-practices,0
http://blog.microsoft.com/help/center/article?id=102,0
https://www.github.com,0
https://blog.binance.com/resources/whitepaper.pdf,0
https://hubspot.com/pricing,0
https://support.notion.so,0
https://www.notion.so/docs/v2/api-overview,0
http://www.paypal.com,0
https://www.twitter.com/search?q=security,0
https://www.apple.com/help/center/article?id=102,0
https://apple.com,0
https://app.adobe.com/products/category/electronics,0
http://support.zoom.us/contact,0
https://bankofamerica.com/docs/v2/api-overview,0
http://microsoft.com/user/profile,0
https://wellsfargo.com/download/desktop-app,0
http://notion.so/user/profile,0
http://support.gitlab.com/contact,0
https://app.spotify.com/user/profile,0
https://adobe.com,0
https://stackoverflow.com/user/profile,0
https://instagram.com/pricing,0
https://auth.reddit.com/contact,0
https://spotify.com/,0
http://spotify.com/resources/whitepaper.pdf,0
https://www.salesforce.com/blog/2026/cybersecurity-best-practices,0
https://support.google.com/blog/2026/cybersecurity-best-practices,0
http://support.spotify.com/search?q=security,0
https://auth.notion.so/products/category/electronics,0
https://gitlab.com,0
http://auth.slack.com/,0
https://support.figma.com/search?q=security,0
http://app.facebook.com/,0
http://wellsfargo.com/resources/whitepaper.pdf,0
https://facebook.com/contact,0
https://coinbase.com,0
https://facebook.com/docs/v2/api-overview,0
http://support.linkedin.com/help/center/article?id=102,0
https://app.linkedin.com/pricing,0
http://blog.youtube.com/download/desktop-app,0
https://app.medium.com/user/profile,0
https://apple.com/,0
https://docs.github.com/help/center/article?id=102,0
https://medium.com/resources/whitepaper.pdf,0
http://auth.cnn.com/resources/whitepaper.pdf,0
http://twitter.com/search?q=security,0
http://cnn.com/,0
https://www.coinbase.com/search?q=security,0
http://www.zoom.us/pricing,0
http://blog.hubspot.com/search?q=security,0
http://blog.spotify.com/user/profile,0
https://auth.bankofamerica.com/docs/v2/api-overview,0
http://docs.netflix.com/user/profile,0
http://slack.com/contact,0
http://blog.linkedin.com/pricing,0
https://coinbase.com/contact,0
http://nytimes.com,0
https://auth.dropbox.com/help/center/article?id=102,0
https://binance.com/help/center/article?id=102,0
https://wellsfargo.com/help/center/article?id=102,0
https://auth.zoom.us,0
https://support.slack.com/resources/whitepaper.pdf,0
https://www.twitter.com/search?q=security,0
https://support.apple.com/docs/v2/api-overview,0
http://www.wellsfargo.com/contact,0
https://medium.com/user/profile,0
https://amazon.com/,0
http://docs.shopify.com,0
https://app.bankofamerica.com/contact,0
https://docs.paypal.com,0
https://app.hubspot.com/contact,0
https://auth.stackoverflow.com/contact,0
https://auth.bbc.com/,0
http://cnn.com/help/center/article?id=102,0
https://www.nytimes.com/docs/v2/api-overview,0
https://wellsfargo.com/products/category/electronics,0
http://docs.stackoverflow.com,0
https://auth.reddit.com/about-us,0
https://twitter.com/about-us,0
https://support.nytimes.com,0
http://www.salesforce.com/resources/whitepaper.pdf,0
https://docs.slack.com/download/desktop-app,0
http://support.cloudflare.com,0
http://apple.com/blog/2026/cybersecurity-best-practices,0
https://blog.twitter.com/resources/whitepaper.pdf,0
https://zoom.us/help/center/article?id=102,0
https://www.dropbox.com/pricing,0
https://blog.amazon.com/blog/2026/cybersecurity-best-practices,0
https://auth.coinbase.com/search?q=security,0
http://app.bankofamerica.com/search?q=security,0
https://auth.amazon.com/,0
http://docs.twitter.com/about-us,0
https://microsoft.com/about-us,0
https://www.amazon.com/,0
https://auth.zoom.us/help/center/article?id=102,0
https://support.amazon.com/,0
https://docs.slack.com/help/center/article?id=102,0
https://blog.spotify.com/about-us,0
https://paypal.com/search?q=security,0
https://nytimes.com,0
https://adobe.com/download/desktop-app,0
https://github.com/pricing,0
http://www.twitter.com/pricing,0
http://blog.bankofamerica.com/about-us,0
http://paypal.com/about-us,0
http://figma.com/,0
http://www.facebook.com/user/profile,0
https://binance.com/contact,0
http://blog.paypal.com/user/profile,0
https://docs.adobe.com/,0
https://shopify.com/,0
http://docs.adobe.com,0
https://notion.so/about-us,0
https://blog.youtube.com/products/category/electronics,0
https://www.paypal.com/docs/v2/api-overview,0
https://support.medium.com/resources/whitepaper.pdf,0
https://support.cloudflare.com/products/category/electronics,0
https://apple.com/resources/whitepaper.pdf,0
https://notion.so/pricing,0
http://google.com/user/profile,0
https://support.twitter.com/contact,0
https://auth.cloudflare.com/products/category/electronics,0
https://hubspot.com/blog/2026/cybersecurity-best-practices,0
https://adobe.com,0
http://support.salesforce.com/search?q=security,0
https://microsoft.com/,0
https://linkedin.com/pricing,0
https://auth.hubspot.com/pricing,0
https://docs.canva.com/docs/v2/api-overview,0
https://support.instagram.com/resources/whitepaper.pdf,0
http://www.notion.so/search?q=security,0
https://auth.binance.com/blog/2026/cybersecurity-best-practices,0
https://spotify.com/docs/v2/api-overview,0
https://wikipedia.org/contact,0
https://docs.microsoft.com/help/center/article?id=102,0
https://docs.adobe.com/user/profile,0
https://reddit.com/blog/2026/cybersecurity-best-practices,0
https://auth.figma.com/user/profile,0
http://paypal.com/help/center/article?id=102,0
https://coinbase.com,0
http://support.cloudflare.com/docs/v2/api-overview,0
https://auth.dropbox.com/help/center/article?id=102,0
http://auth.gitlab.com/resources/whitepaper.pdf,0
https://figma.com/resources/whitepaper.pdf,0
https://app.apple.com/download/desktop-app,0
https://blog.dropbox.com/resources/whitepaper.pdf,0
https://blog.microsoft.com/help/center/article?id=102,0
http://instagram.com/about-us,0
https://www.bbc.com/pricing,0
https://bankofamerica.com/about-us,0
http://auth.coinbase.com/,0
https://cloudflare.com/pricing,0
https://auth.cloudflare.com/download/desktop-app,0
https://support.amazon.com/contact,0
https://paypal.com/contact,0
http://app.notion.so/products/category/electronics,0
https://auth.zoom.us/about-us,0
https://canva.com/products/category/electronics,0
http://support.netflix.com/download/desktop-app,0
https://netflix.com/products/category/electronics,0
https://microsoft.com/docs/v2/api-overview,0
http://auth.facebook.com/blog/2026/cybersecurity-best-practices,0
https://www.netflix.com/products/category/electronics,0
https://www.dropbox.com/contact,0
https://app.wikipedia.org/help/center/article?id=102,0
http://bankofamerica.com/,0
https://auth.netflix.com/blog/2026/cybersecurity-best-practices,0
http://salesforce.com,0
https://shopify.com/download/desktop-app,0
https://adobe.com/help/center/article?id=102,0
https://auth.salesforce.com/user/profile,0
https://blog.linkedin.com/user/profile,0
https://stackoverflow.com/about-us,0
http://binance.com/contact,0
https://blog.hubspot.com/help/center/article?id=102,0
https://chase.com/contact,0
https://auth.microsoft.com/help/center/article?id=102,0
https://blog.adobe.com/contact,0
https://dropbox.com/blog/2026/cybersecurity-best-practices,0
https://auth.spotify.com/help/center/article?id=102,0
https://chase.com/products/category/electronics,0
http://app.github.com/,0
https://app.wikipedia.org/,0
https://blog.google.com/blog/2026/cybersecurity-best-practices,0
https://docs.chase.com/pricing,0
https://support.canva.com,0
https://adobe.com/products/category/electronics,0
https://wellsfargo.com,0
https://slack.com/pricing,0
https://app.facebook.com/products/category/electronics,0
https://adobe.com/help/center/article?id=102,0
https://www.salesforce.com/help/center/article?id=102,0
http://app.chase.com/blog/2026/cybersecurity-best-practices,0
http://www.github.com/products/category/electronics,0
https://www.apple.com/blog/2026/cybersecurity-best-practices,0
https://auth.twitter.com/about-us,0
https://app.linkedin.com/,0
https://auth.reddit.com/help/center/article?id=102,0
https://docs.shopify.com,0
https://support.slack.com/about-us,0
http://www.gitlab.com/pricing,0
https://docs.cnn.com/resources/whitepaper.pdf,0
https://docs.paypal.com/docs/v2/api-overview,0
https://binance.com/user/profile,0
https://binance.com/user/profile,0
https://www.facebook.com/docs/v2/api-overview,0
https://blog.amazon.com/contact,0
https://app.nytimes.com/download/desktop-app,0
http://blog.microsoft.com/blog/2026/cybersecurity-best-practices,0
https://auth.spotify.com/search?q=security,0
http://app.notion.so/download/desktop-app,0
https://auth.github.com/user/profile,0
http://dropbox.com/resources/whitepaper.pdf,0
http://blog.canva.com/download/desktop-app,0
https://blog.coinbase.com/docs/v2/api-overview,0
https://www.medium.com/products/category/electronics,0
https://facebook.com/docs/v2/api-overview,0
https://microsoft.com/resources/whitepaper.pdf,0
https://linkedin.com/contact,0
https://bankofamerica.com/blog/2026/cybersecurity-best-practices,0
https://nytimes.com,0
https://support.cloudflare.com/,0
https://salesforce.com/resources/whitepaper.pdf,0
https://blog.google.com/search?q=security,0
https://github.com,0
https://cnn.com/products/category/electronics,0
http://docs.youtube.com/resources/whitepaper.pdf,0
https://microsoft.com/blog/2026/cybersecurity-best-practices,0
http://app.hubspot.com/docs/v2/api-overview,0
https://docs.salesforce.com,0
https://canva.com/pricing,0
https://netflix.com/,0
https://support.netflix.com/contact,0
http://hubspot.com/docs/v2/api-overview,0
https://app.shopify.com/search?q=security,0
https://www.spotify.com/user/profile,0
http://support.medium.com/contact,0
https://www.shopify.com/blog/2026/cybersecurity-best-practices,0
https://auth.youtube.com/resources/whitepaper.pdf,0
https://auth.figma.com,0
https://blog.linkedin.com/help/center/article?id=102,0
https://docs.zoom.us/download/desktop-app,0
http://wellsfargo.com/products/category/electronics,0
https://salesforce.com/blog/2026/cybersecurity-best-practices,0
https://blog.facebook.com/download/desktop-app,0
https://linkedin.com/pricing,0
http://www.dropbox.com/products/category/electronics,0
https://support.adobe.com/,0
https://google.com/blog/2026/cybersecurity-best-practices,0
http://blog.dropbox.com/about-us,0
https://blog.hubspot.com/contact,0
https://wikipedia.org,0
https://auth.hubspot.com/products/category/electronics,0
https://coinbase.com/docs/v2/api-overview,0
https://blog.stackoverflow.com/contact,0
http://coinbase.com/about-us,0
http://app.wikipedia.org/search?q=security,0
https://blog.slack.com/resources/whitepaper.pdf,0
https://docs.coinbase.com/,0
https://www.instagram.com,0
https://facebook.com/help/center/article?id=102,0
https://github.com/search?q=security,0
https://twitter.com/docs/v2/api-overview,0
http://apple.com/contact,0
https://nytimes.com/docs/v2/api-overview,0
http://support.reddit.com/help/center/article?id=102,0
https://chase.com/user/profile,0
https://canva.com/contact,0
https://app.dropbox.com/,0
https://apple.com/,0
http://zoom.us/user/profile,0
https://www.youtube.com/,0
https://www.microsoft.com/user/profile,0
https://support.stackoverflow.com/blog/2026/cybersecurity-best-practices,0
http://blog.microsoft.com/contact,0
https://app.gitlab.com/user/profile,0
https://zoom.us/help/center/article?id=102,0
https://www.bankofamerica.com/help/center/article?id=102,0
https://support.cloudflare.com/pricing,0
http://support.nytimes.com/pricing,0
http://app.bbc.com/help/center/article?id=102,0
http://blog.spotify.com/,0
https://hubspot.com,0
http://support.hubspot.com/resources/whitepaper.pdf,0
https://notion.so/download/desktop-app,0
https://app.reddit.com/pricing,0
https://blog.youtube.com/,0
https://www.instagram.com/help/center/article?id=102,0
https://apple.com/help/center/article?id=102,0
https://blog.google.com/,0
https://docs.notion.so/contact,0
http://app.paypal.com/docs/v2/api-overview,0
http://support.paypal.com,0
https://auth.github.com/resources/whitepaper.pdf,0
http://youtube.com/,0
https://blog.linkedin.com/products/category/electronics,0
https://www.hubspot.com/user/profile,0
https://blog.notion.so/products/category/electronics,0
https://chase.com/resources/whitepaper.pdf,0
https://auth.google.com/pricing,0
https://wikipedia.org/help/center/article?id=102,0
https://app.wellsfargo.com/contact,0
https://support.notion.so/contact,0
http://netflix.com/help/center/article?id=102,0
https://support.slack.com/,0
http://github.com/docs/v2/api-overview,0
https://docs.stackoverflow.com/search?q=security,0
http://docs.coinbase.com/blog/2026/cybersecurity-best-practices,0
https://blog.binance.com/products/category/electronics,0
https://docs.netflix.com/pricing,0
http://wikipedia.org,0
http://twitter.com/blog/2026/cybersecurity-best-practices,0
https://medium.com/contact,0
https://blog.canva.com/pricing,0
http://app.apple.com/pricing,0
http://www.twitter.com/pricing,0
https://app.wellsfargo.com/pricing,0
https://shopify.com/products/category/electronics,0
https://binance.com/contact,0
https://support.zoom.us,0
http://www.instagram.com/products/category/electronics,0
https://support.shopify.com/help/center/article?id=102,0
https://youtube.com/about-us,0
https://microsoft.com/pricing,0
https://docs.facebook.com/user/profile,0
https://support.adobe.com/resources/whitepaper.pdf,0
http://auth.notion.so/docs/v2/api-overview,0
https://docs.gitlab.com/about-us,0
https://www.gitlab.com/resources/whitepaper.pdf,0
https://canva.com/contact,0
https://auth.wikipedia.org/download/desktop-app,0
https://auth.adobe.com/about-us,0
https://stackoverflow.com/download/desktop-app,0
https://support.figma.com/,0
https://medium.com/about-us,0
https://docs.zoom.us,0
https://docs.zoom.us/blog/2026/cybersecurity-best-practices,0
https://app.amazon.com/about-us,0
http://auth.bbc.com/blog/2026/cybersecurity-best-practices,0
http://auth.gitlab.com/about-us,0
https://www.hubspot.com/pricing,0
https://www.nytimes.com/,0
http://github.com/user/profile,0
http://auth.medium.com/search?q=security,0
https://www.wikipedia.org/contact,0
https://docs.medium.com/blog/2026/cybersecurity-best-practices,0
https://blog.figma.com/resources/whitepaper.pdf,0
https://support.wikipedia.org/help/center/article?id=102,0
https://auth.wikipedia.org/download/desktop-app,0
https://youtube.com/products/category/electronics,0
http://microsoft.com/docs/v2/api-overview,0
http://www.reddit.com,0
https://auth.bankofamerica.com/blog/2026/cybersecurity-best-practices,0
https://canva.com/user/profile,0
https://blog.coinbase.com,0
https://facebook.com,0
https://wellsfargo.com/user/profile,0
https://docs.slack.com/blog/2026/cybersecurity-best-practices,0
https://app.wikipedia.org/resources/whitepaper.pdf,0
https://wellsfargo.com/contact,0
https://app.nytimes.com/user/profile,0
https://app.notion.so/docs/v2/api-overview,0
https://wikipedia.org/user/profile,0
https://paypal.com/blog/2026/cybersecurity-best-practices,0
https://blog.microsoft.com/docs/v2/api-overview,0
http://adobe.com/search?q=security,0
https://app.reddit.com/docs/v2/api-overview,0
https://microsoft.com/pricing,0
https://docs.instagram.com/contact,0
https://binance.com/contact,0
https://support.chase.com/user/profile,0
https://app.netflix.com/blog/2026/cybersecurity-best-practices,0
https://blog.reddit.com/help/center/article?id=102,0
https://docs.wikipedia.org/pricing,0
https://support.reddit.com/about-us,0
https://support.instagram.com,0
https://docs.slack.com/products/category/electronics,0
http://paypal.com/about-us,0
https://app.github.com/pricing,0
http://app.hubspot.com/about-us,0
http://app.stackoverflow.com/about-us,0
https://chase.com/resources/whitepaper.pdf,0
https://reddit.com/contact,0
https://auth.netflix.com/resources/whitepaper.pdf,0
https://www.gitlab.com/download/desktop-app,0
https://www.chase.com/contact,0
http://app.github.com/blog/2026/cybersecurity-best-practices,0
http://support.facebook.com/resources/whitepaper.pdf,0
https://blog.slack.com/search?q=security,0
https://www.youtube.com/about-us,0
https://paypal.com/download/desktop-app,0
http://docs.wikipedia.org/resources/whitepaper.pdf,0
http://www.figma.com/contact,0
https://blog.canva.com/help/center/article?id=102,0
https://app.google.com/docs/v2/api-overview,0
http://blog.reddit.com/docs/v2/api-overview,0
http://support.binance.com/contact,0
https://bbc.com/user/profile,0
https://auth.zoom.us/help/center/article?id=102,0
https://cloudflare.com,0
https://app.gitlab.com/docs/v2/api-overview,0
http://notion.so/resources/whitepaper.pdf,0
https://youtube.com/products/category/electronics,0
https://auth.nytimes.com/pricing,0
https://nytimes.com/docs/v2/api-overview,0
https://app.github.com/pricing,0
https://zoom.us,0
https://instagram.com/contact,0
https://blog.nytimes.com/pricing,0
http://wikipedia.org/blog/2026/cybersecurity-best-practices,0
https://support.spotify.com,0
https://nytimes.com/blog/2026/cybersecurity-best-practices,0
http://zoom.us/contact,0
https://support.coinbase.com/blog/2026/cybersecurity-best-practices,0
https://spotify.com/search?q=security,0
https://docs.stackoverflow.com/blog/2026/cybersecurity-best-practices,0
https://auth.cnn.com/products/category/electronics,0
http://netflix.com/docs/v2/api-overview,0
https://app.linkedin.com/products/category/electronics,0
https://www.adobe.com/contact,0
https://reddit.com/user/profile,0
https://blog.bankofamerica.com/search?q=security,0
https://linkedin.com,0
https://instagram.com/download/desktop-app,0
https://auth.figma.com/search?q=security,0
https://auth.wellsfargo.com/pricing,0
https://linkedin.com/search?q=security,0
https://app.nytimes.com/,0
https://github.com/products/category/electronics,0
https://google.com/search?q=security,0
http://figma.com/resources/whitepaper.pdf,0
https://docs.shopify.com/,0
https://auth.figma.com/contact,0
https://shopify.com/,0
http://docs.cnn.com/contact,0
http://shopify.com/user/profile,0
http://auth.hubspot.com/about-us,0
https://auth.salesforce.com/resources/whitepaper.pdf,0
https://www.bankofamerica.com/docs/v2/api-overview,0
https://www.notion.so/docs/v2/api-overview,0
https://auth.google.com,0
https://www.reddit.com/docs/v2/api-overview,0
https://docs.chase.com/resources/whitepaper.pdf,0
http://blog.shopify.com/,0
https://figma.com/pricing,0
https://amazon.com/user/profile,0
https://blog.hubspot.com,0
https://youtube.com/download/desktop-app,0
https://spotify.com/resources/whitepaper.pdf,0
https://facebook.com/about-us,0
https://support.slack.com/about-us,0
https://www.youtube.com/help/center/article?id=102,0
https://www.canva.com,0
https://blog.amazon.com/user/profile,0
http://apple.com/search?q=security,0
http://slack.com/pricing,0
https://auth.coinbase.com/help/center/article?id=102,0
https://www.paypal.com/pricing,0
https://figma.com/contact,0
https://app.apple.com/user/profile,0
https://www.coinbase.com/download/desktop-app,0
https://app.nytimes.com/pricing,0
https://medium.com/,0
https://medium.com/help/center/article?id=102,0
https://blog.twitter.com/pricing,0
https://notion.so/blog/2026/cybersecurity-best-practices,0
https://netflix.com/pricing,0
https://docs.youtube.com/products/category/electronics,0
https://auth.microsoft.com/download/desktop-app,0
https://apple.com/about-us,0
http://www.youtube.com/blog/2026/cybersecurity-best-practices,0
https://support.adobe.com/blog/2026/cybersecurity-best-practices,0
https://www.apple.com/user/profile,0
https://auth.slack.com/user/profile,0
http://support.binance.com/docs/v2/api-overview,0
https://www.reddit.com/about-us,0
https://blog.reddit.com,0
http://support.binance.com/download/desktop-app,0
https://www.bbc.com/resources/whitepaper.pdf,0
https://app.bbc.com/blog/2026/cybersecurity-best-practices,0
https://auth.github.com/contact,0
http://microsoft.com/docs/v2/api-overview,0
https://blog.adobe.com/resources/whitepaper.pdf,0
https://instagram.com,0
https://medium.com/docs/v2/api-overview,0
https://app.wellsfargo.com,0
http://support.zoom.us/blog/2026/cybersecurity-best-practices,0
https://auth.amazon.com/products/category/electronics,0
http://auth.facebook.com,0
https://support.stackoverflow.com/contact,0
http://hubspot.com/help/center/article?id=102,0
https://support.adobe.com/docs/v2/api-overview,0
https://www.bbc.com/,0
https://support.bankofamerica.com/products/category/electronics,0
http://paypal.com/search?q=security,0
https://support.dropbox.com/user/profile,0
https://auth.chase.com/docs/v2/api-overview,0
https://salesforce.com/search?q=security,0
http://dropbox.com/docs/v2/api-overview,0
http://docs.dropbox.com/user/profile,0
http://www.reddit.com/resources/whitepaper.pdf,0
https://www.github.com/help/center/article?id=102,0
http://support.cloudflare.com/resources/whitepaper.pdf,0
https://support.slack.com/help/center/article?id=102,0
https://netflix.com/help/center/article?id=102,0
https://facebook.com/contact,0
http://notion.so/user/profile,0
http://auth.shopify.com,0
http://blog.wikipedia.org/search?q=security,0
https://auth.instagram.com/help/center/article?id=102,0
https://app.slack.com/,0
https://wellsfargo.com/contact,0
http://auth.twitter.com/docs/v2/api-overview,0
https://google.com/download/desktop-app,0
https://app.paypal.com/about-us,0
https://hubspot.com/products/category/electronics,0
https://dropbox.com/about-us,0
https://blog.paypal.com/pricing,0
http://figma.com,0
https://support.chase.com/blog/2026/cybersecurity-best-practices,0
https://auth.stackoverflow.com/search?q=security,0
https://twitter.com/help/center/article?id=102,0
https://docs.wikipedia.org/resources/whitepaper.pdf,0
https://www.dropbox.com/help/center/article?id=102,0
https://support.medium.com/pricing,0
http://docs.dropbox.com/search?q=security,0
https://app.figma.com/,0
https://auth.apple.com/resources/whitepaper.pdf,0
https://blog.zoom.us/about-us,0
https://app.microsoft.com/resources/whitepaper.pdf,0
https://docs.facebook.com/about-us,0
https://binance.com/,0
https://www.notion.so/about-us,0
http://support.gitlab.com/products/category/electronics,0
https://wellsfargo.com/contact,0
https://canva.com/search?q=security,0
http://docs.youtube.com/,0
https://support.cnn.com/help/center/article?id=102,0
https://wellsfargo.com/docs/v2/api-overview,0
https://wellsfargo.com/about-us,0
https://www.microsoft.com/contact,0
https://linkedin.com/download/desktop-app,0
https://support.cnn.com,0
https://facebook.com/help/center/article?id=102,0
https://chase.com/search?q=security,0
https://app.reddit.com/about-us,0
http://blog.nytimes.com/,0
https://www.google.com/products/category/electronics,0
https://bbc.com/resources/whitepaper.pdf,0
https://facebook.com/about-us,0
https://spotify.com/search?q=security,0
http://www.google.com/docs/v2/api-overview,0
https://www.github.com/help/center/article?id=102,0
http://blog.shopify.com/docs/v2/api-overview,0
https://support.netflix.com/resources/whitepaper.pdf,0
https://support.instagram.com/pricing,0
https://bbc.com/products/category/electronics,0
https://auth.linkedin.com/help/center/article?id=102,0
https://canva.com/resources/whitepaper.pdf,0
https://support.gitlab.com/user/profile,0
http://support.gitlab.com/,0
https://binance.com/resources/whitepaper.pdf,0
http://auth.figma.com/help/center/article?id=102,0
https://app.github.com/,0
http://support.zoom.us/,0
http://app.notion.so/about-us,0
http://github.com/search?q=security,0
https://docs.instagram.com/,0
https://docs.reddit.com/download/desktop-app,0
http://blog.reddit.com/docs/v2/api-overview,0
https://blog.facebook.com/search?q=security,0
https://support.gitlab.com/search?q=security,0
https://www.slack.com/contact,0
https://support.bankofamerica.com/about-us,0
https://facebook.com,0
http://docs.instagram.com/pricing,0
https://docs.zoom.us/about-us,0
https://support.binance.com/user/profile,0
https://auth.coinbase.com/,0
http://blog.coinbase.com/,0
https://app.binance.com/help/center/article?id=102,0
https://auth.microsoft.com/products/category/electronics,0
https://docs.twitter.com/docs/v2/api-overview,0
http://support.adobe.com,0
https://youtube.com/products/category/electronics,0
https://app.netflix.com/blog/2026/cybersecurity-best-practices,0
https://binance.com/about-us,0
http://blog.bbc.com/about-us,0
http://facebook.com/blog/2026/cybersecurity-best-practices,0
https://instagram.com/resources/whitepaper.pdf,0
https://auth.wellsfargo.com/docs/v2/api-overview,0
https://support.bbc.com/docs/v2/api-overview,0
https://auth.youtube.com/,0
http://google.com/,0
http://app.bankofamerica.com/products/category/electronics,0
https://blog.hubspot.com/docs/v2/api-overview,0
https://youtube.com/,0
https://app.slack.com/search?q=security,0
http://auth.google.com/user/profile,0
https://shopify.com/user/profile,0
https://docs.hubspot.com/about-us,0
https://canva.com/resources/whitepaper.pdf,0
http://auth.github.com/pricing,0
https://canva.com/download/desktop-app,0
http://linkedin.com,0
https://adobe.com/contact,0
https://support.cloudflare.com,0
https://auth.salesforce.com/products/category/electronics,0
https://app.hubspot.com,0
http://reddit.com/about-us,0
https://auth.gitlab.com/help/center/article?id=102,0
https://www.microsoft.com/resources/whitepaper.pdf,0
https://support.medium.com/docs/v2/api-overview,0
https://bbc.com/search?q=security,0
https://salesforce.com/resources/whitepaper.pdf,0
https://docs.reddit.com,0
https://adobe.com/user/profile,0
https://support.salesforce.com/resources/whitepaper.pdf,0
https://blog.adobe.com/pricing,0
http://auth.cnn.com/,0
http://support.google.com/resources/whitepaper.pdf,0
https://auth.hubspot.com/resources/whitepaper.pdf,0
https://docs.apple.com/download/desktop-app,0
http://blog.coinbase.com/help/center/article?id=102,0
https://stackoverflow.com/blog/2026/cybersecurity-best-practices,0
https://docs.adobe.com/blog/2026/cybersecurity-best-practices,0
https://nytimes.com/docs/v2/api-overview,0
https://support.stackoverflow.com,0
https://app.github.com/search?q=security,0
https://support.amazon.com/,0
http://google.com/docs/v2/api-overview,0
https://hubspot.com/docs/v2/api-overview,0
https://support.apple.com/help/center/article?id=102,0
https://app.wellsfargo.com/about-us,0
https://blog.twitter.com/blog/2026/cybersecurity-best-practices,0
https://cloudflare.com/contact,0
http://apple.com,0
http://facebook.com/user/profile,0
http://microsoft.com/blog/2026/cybersecurity-best-practices,0
https://support.binance.com/pricing,0
https://www.youtube.com/contact,0
http://apple.com/user/profile,0
https://www.wikipedia.org/help/center/article?id=102,0
https://support.github.com,0
https://cnn.com/help/center/article?id=102,0
https://www.cnn.com,0
https://binance.com/user/profile,0
https://www.coinbase.com/contact,0
http://www.apple.com/blog/2026/cybersecurity-best-practices,0
https://app.slack.com/,0
https://medium.com/search?q=security,0
http://support.slack.com/user/profile,0
https://auth.figma.com/user/profile,0
https://binance.com/pricing,0
https://support.spotify.com/resources/whitepaper.pdf,0
https://blog.netflix.com/contact,0
https://docs.linkedin.com/docs/v2/api-overview,0
https://docs.linkedin.com,0
https://docs.facebook.com/download/desktop-app,0
https://notion.so/pricing,0
https://app.apple.com/about-us,0
https://docs.medium.com/user/profile,0
https://wellsfargo.com/about-us,0
http://www.notion.so/blog/2026/cybersecurity-best-practices,0
https://blog.twitter.com/products/category/electronics,0
https://docs.wellsfargo.com/blog/2026/cybersecurity-best-practices,0
https://auth.notion.so/products/category/electronics,0
https://blog.gitlab.com/resources/whitepaper.pdf,0
http://docs.wikipedia.org/pricing,0
https://hubspot.com/search?q=security,0
https://support.adobe.com/,0
http://wellsfargo.com/products/category/electronics,0
https://app.dropbox.com/download/desktop-app,0
https://support.netflix.com/resources/whitepaper.pdf,0
https://linkedin.com/user/profile,0
https://support.canva.com/about-us,0
https://google.com/resources/whitepaper.pdf,0
https://blog.apple.com/download/desktop-app,0
http://support.google.com/,0
http://support.shopify.com/help/center/article?id=102,0
https://www.zoom.us/pricing,0
https://blog.youtube.com/resources/whitepaper.pdf,0
https://docs.wellsfargo.com/contact,0
http://blog.twitter.com,0
https://paypal.com/docs/v2/api-overview,0
https://docs.canva.com/search?q=security,0
http://docs.google.com/user/profile,0
https://blog.wellsfargo.com/products/category/electronics,0
https://docs.bankofamerica.com/blog/2026/cybersecurity-best-practices,0
http://zoom.us/download/desktop-app,0
https://www.canva.com,0
https://support.paypal.com/download/desktop-app,0
http://docs.medium.com/about-us,0
https://auth.zoom.us/about-us,0
http://support.wellsfargo.com/about-us,0
https://support.twitter.com/about-us,0
https://auth.apple.com/pricing,0
http://medium.com/download/desktop-app,0
https://www.linkedin.com/blog/2026/cybersecurity-best-practices,0
http://slack.com/blog/2026/cybersecurity-best-practices,0
https://docs.gitlab.com/products/category/electronics,0
https://apple.com/contact,0
https://www.apple.com/search?q=security,0
https://slack.com/products/category/electronics,0
https://www.netflix.com/contact,0
https://wikipedia.org/about-us,0
https://github.com/about-us,0
https://docs.facebook.com,0
http://salesforce.com/search?q=security,0
https://docs.zoom.us/blog/2026/cybersecurity-best-practices,0
http://www.bbc.com/help/center/article?id=102,0
https://auth.youtube.com/contact,0
https://docs.canva.com,0
https://paypal.com,0
http://auth.github.com/resources/whitepaper.pdf,0
http://salesforce.com,0
https://blog.salesforce.com/,0
https://app.canva.com/pricing,0
https://app.chase.com/download/desktop-app,0
https://app.github.com/pricing,0
http://blog.chase.com/search?q=security,0
https://auth.nytimes.com/help/center/article?id=102,0
https://google.com/blog/2026/cybersecurity-best-practices,0
https://docs.chase.com/contact,0
http://www.microsoft.com/docs/v2/api-overview,0
https://docs.dropbox.com/search?q=security,0
https://support.spotify.com/download/desktop-app,0
https://notion.so/user/profile,0
http://www.twitter.com/pricing,0
https://docs.netflix.com/help/center/article?id=102,0
http://wellsfargo.com/blog/2026/cybersecurity-best-practices,0
https://blog.bankofamerica.com,0
https://app.dropbox.com/download/desktop-app,0
https://blog.spotify.com/download/desktop-app,0
http://auth.binance.com/contact,0
https://blog.instagram.com/download/desktop-app,0
https://gitlab.com/products/category/electronics,0
https://support.binance.com/help/center/article?id=102,0
https://gitlab.com/contact,0
https://netflix.com/docs/v2/api-overview,0
https://auth.gitlab.com/products/category/electronics,0
https://blog.shopify.com/products/category/electronics,0
http://support.twitter.com/user/profile,0
https://support.zoom.us/help/center/article?id=102,0
https://docs.netflix.com/search?q=security,0
https://www.linkedin.com/help/center/article?id=102,0
http://docs.zoom.us/products/category/electronics,0
https://paypal.com/blog/2026/cybersecurity-best-practices,0
https://paypal.com/search?q=security,0
https://shopify.com/blog/2026/cybersecurity-best-practices,0
https://app.linkedin.com/contact,0
https://notion.so/help/center/article?id=102,0
https://support.coinbase.com/,0
https://support.slack.com/user/profile,0
http://bankofamerica.com/pricing,0
https://support.notion.so/blog/2026/cybersecurity-best-practices,0
https://support.wellsfargo.com,0
http://support.wellsfargo.com/blog/2026/cybersecurity-best-practices,0
https://www.linkedin.com/contact,0
https://blog.wellsfargo.com/user/profile,0
https://linkedin.com/pricing,0
https://blog.netflix.com/blog/2026/cybersecurity-best-practices,0
https://support.linkedin.com/docs/v2/api-overview,0
https://app.reddit.com/blog/2026/cybersecurity-best-practices,0
https://blog.amazon.com/search?q=security,0
http://support.stackoverflow.com/resources/whitepaper.pdf,0
https://salesforce.com/resources/whitepaper.pdf,0
https://docs.cnn.com/products/category/electronics,0
https://support.wikipedia.org/docs/v2/api-overview,0
https://support.facebook.com/download/desktop-app,0
https://auth.hubspot.com/products/category/electronics,0
https://app.notion.so/help/center/article?id=102,0
https://support.cnn.com,0
https://app.wellsfargo.com/,0
https://instagram.com,0
http://app.bbc.com/user/profile,0
https://docs.chase.com/help/center/article?id=102,0
https://blog.adobe.com/products/category/electronics,0
http://www.stackoverflow.com,0
https://wellsfargo.com/products/category/electronics,0
https://blog.coinbase.com/help/center/article?id=102,0
https://app.spotify.com/pricing,0
http://auth.cnn.com/download/desktop-app,0
https://docs.github.com/blog/2026/cybersecurity-best-practices,0
https://wikipedia.org/download/desktop-app,0
https://app.apple.com/,0
http://blog.cloudflare.com/user/profile,0
https://nytimes.com,0
https://linkedin.com/,0
https://www.nytimes.com/download/desktop-app,0
https://youtube.com/user/profile,0
https://cloudflare.com/search?q=security,0
http://docs.stackoverflow.com/search?q=security,0
https://microsoft.com/search?q=security,0
https://app.stackoverflow.com/about-us,0
https://auth.linkedin.com/user/profile,0
https://auth.twitter.com/pricing,0
https://docs.cnn.com/docs/v2/api-overview,0
https://www.zoom.us,0
https://support.facebook.com/blog/2026/cybersecurity-best-practices,0
https://docs.facebook.com/download/desktop-app,0
https://www.linkedin.com/,0
https://support.microsoft.com/resources/whitepaper.pdf,0
https://blog.reddit.com/products/category/electronics,0
http://instagram.com/help/center/article?id=102,0
https://spotify.com/contact,0
https://stackoverflow.com/search?q=security,0
http://nytimes.com/search?q=security,0
https://blog.binance.com/search?q=security,0
http://linkedin.com/pricing,0
https://canva.com/about-us,0
https://amazon.com/search?q=security,0
http://bbc.com/about-us,0
https://bbc.com/download/desktop-app,0
http://www.nytimes.com/user/profile,0
https://medium.com/docs/v2/api-overview,0
https://auth.canva.com/resources/whitepaper.pdf,0
https://amazon.com/products/category/electronics,0
https://amazon.com/help/center/article?id=102,0
http://auth.paypal.com/help/center/article?id=102,0
http://zoom.us/about-us,0
https://slack.com/,0
https://auth.medium.com/help/center/article?id=102,0
https://auth.shopify.com/docs/v2/api-overview,0
https://github.com/products/category/electronics,0
https://auth.zoom.us/about-us,0
https://cnn.com/help/center/article?id=102,0
https://auth.nytimes.com/user/profile,0
http://blog.bankofamerica.com/help/center/article?id=102,0
https://app.microsoft.com/search?q=security,0
https://auth.notion.so/contact,0
https://auth.bbc.com/download/desktop-app,0
http://twitter.com/download/desktop-app,0
https://adobe.com/products/category/electronics,0
https://auth.chase.com/about-us,0
https://docs.shopify.com/about-us,0
http://facebook.com/blog/2026/cybersecurity-best-practices,0
https://auth.cloudflare.com/help/center/article?id=102,0
https://support.youtube.com/about-us,0
http://apple.com/blog/2026/cybersecurity-best-practices,0
http://docs.chase.com/pricing,0
https://docs.nytimes.com/help/center/article?id=102,0
https://www.stackoverflow.com/products/category/electronics,0
http://auth.binance.com/about-us,0
https://amazon.com/pricing,0
http://www.hubspot.com/about-us,0
https://auth.spotify.com/search?q=security,0
http://blog.figma.com/pricing,0
https://microsoft.com/about-us,0
https://notion.so/blog/2026/cybersecurity-best-practices,0
https://cloudflare.com/pricing,0
https://support.paypal.com/contact,0
https://blog.spotify.com/pricing,0
http://docs.stackoverflow.com/download/desktop-app,0
https://auth.facebook.com/user/profile,0
https://www.github.com/user/profile,0
https://www.figma.com/pricing,0
https://docs.cloudflare.com/blog/2026/cybersecurity-best-practices,0
https://www.twitter.com/about-us,0
http://auth.netflix.com/help/center/article?id=102,0
http://support.reddit.com/user/profile,0
https://docs.spotify.com/user/profile,0
https://app.paypal.com/docs/v2/api-overview,0
https://app.binance.com,0
http://support.dropbox.com/contact,0
https://app.amazon.com/resources/whitepaper.pdf,0
https://docs.shopify.com/,0
http://dropbox.com/contact,0
https://app.facebook.com/blog/2026/cybersecurity-best-practices,0
http://stackoverflow.com/download/desktop-app,0
https://notion.so/docs/v2/api-overview,0
http://docs.spotify.com/contact,0
https://docs.canva.com/pricing,0
https://docs.notion.so/docs/v2/api-overview,0
https://blog.canva.com/help/center/article?id=102,0
https://auth.bbc.com/download/desktop-app,0
https://zoom.us/download/desktop-app,0
http://dropbox.com/blog/2026/cybersecurity-best-practices,0
http://auth.spotify.com/products/category/electronics,0
https://support.instagram.com/about-us,0
https://auth.salesforce.com/resources/whitepaper.pdf,0
https://support.bbc.com/search?q=security,0
http://blog.cloudflare.com/about-us,0
http://www.coinbase.com/user/profile,0
https://app.chase.com/pricing,0
https://blog.cloudflare.com/contact,0
http://apple.com/products/category/electronics,0
https://www.medium.com/blog/2026/cybersecurity-best-practices,0
http://app.google.com/search?q=security,0
https://support.linkedin.com/search?q=security,0
https://www.gitlab.com/help/center/article?id=102,0
https://notion.so/help/center/article?id=102,0
http://support.google.com/products/category/electronics,0
https://auth.netflix.com/download/desktop-app,0
https://www.adobe.com/resources/whitepaper.pdf,0
https://docs.shopify.com/search?q=security,0
https://support.spotify.com/search?q=security,0
http://wikipedia.org/products/category/electronics,0
https://support.reddit.com/,0
https://cloudflare.com/products/category/electronics,0
http://app.stackoverflow.com/blog/2026/cybersecurity-best-practices,0
https://paypal.com/pricing,0
http://twitter.com/contact,0
https://auth.gitlab.com/help/center/article?id=102,0
https://app.coinbase.com/user/profile,0
https://binance.com,0
https://blog.bbc.com/search?q=security,0
https://auth.microsoft.com/resources/whitepaper.pdf,0
http://www.canva.com/search?q=security,0
https://microsoft.com/pricing,0
http://auth.bbc.com/contact,0
https://docs.amazon.com/about-us,0
https://app.wellsfargo.com/,0
http://docs.binance.com/pricing,0
https://docs.slack.com/user/profile,0
https://binance.com/download/desktop-app,0
http://support.twitter.com/docs/v2/api-overview,0
https://docs.apple.com/search?q=security,0
https://bankofamerica.com/pricing,0
https://app.apple.com/docs/v2/api-overview,0
https://auth.youtube.com/pricing,0
https://app.adobe.com/help/center/article?id=102,0
https://figma.com/blog/2026/cybersecurity-best-practices,0
https://salesforce.com/contact,0
https://cloudflare.com/search?q=security,0
https://reddit.com/docs/v2/api-overview,0
https://auth.dropbox.com/docs/v2/api-overview,0
https://blog.medium.com/docs/v2/api-overview,0
https://app.notion.so/,0
https://docs.slack.com/products/category/electronics,0
https://blog.slack.com/resources/whitepaper.pdf,0
https://app.cloudflare.com/resources/whitepaper.pdf,0
https://bbc.com/download/desktop-app,0
https://support.zoom.us/search?q=security,0
https://app.microsoft.com/docs/v2/api-overview,0
https://app.binance.com/help/center/article?id=102,0
https://chase.com/search?q=security,0
http://twitter.com/products/category/electronics,0
https://www.stackoverflow.com/resources/whitepaper.pdf,0
http://app.instagram.com/contact,0
https://support.coinbase.com/pricing,0
https://auth.wikipedia.org/resources/whitepaper.pdf,0
https://docs.coinbase.com/resources/whitepaper.pdf,0
http://auth.figma.com/docs/v2/api-overview,0
http://figma.com/resources/whitepaper.pdf,0
http://docs.github.com,0
https://support.amazon.com/contact,0
https://www.notion.so/contact,0
http://docs.slack.com/about-us,0
http://app.instagram.com/products/category/electronics,0
https://app.instagram.com/,0
https://www.spotify.com/user/profile,0
http://www.slack.com/pricing,0
https://blog.chase.com,0
https://apple.com/docs/v2/api-overview,0
https://bankofamerica.com/user/profile,0
https://gitlab.com/user/profile,0
https://canva.com/download/desktop-app,0
http://auth.stackoverflow.com/blog/2026/cybersecurity-best-practices,0
https://auth.netflix.com/about-us,0
https://app.canva.com/help/center/article?id=102,0
https://auth.spotify.com,0
https://docs.reddit.com/docs/v2/api-overview,0
https://support.gitlab.com/docs/v2/api-overview,0
https://support.zoom.us/user/profile,0
http://blog.gitlab.com/user/profile,0
http://salesforce.com/about-us,0
http://canva.com/docs/v2/api-overview,0
https://app.twitter.com/resources/whitepaper.pdf,0
https://cloudflare.com/pricing,0
http://support.canva.com/resources/whitepaper.pdf,0
https://app.notion.so/about-us,0
https://shopify.com/help/center/article?id=102,0
https://app.wellsfargo.com/search?q=security,0
http://support.slack.com/,0
https://app.paypal.com/search?q=security,0
https://docs.instagram.com/docs/v2/api-overview,0
https://github.com/blog/2026/cybersecurity-best-practices,0
https://www.coinbase.com/download/desktop-app,0
https://stackoverflow.com/help/center/article?id=102,0
https://app.google.com/download/desktop-app,0
http://cnn.com,0
http://gitlab.com/blog/2026/cybersecurity-best-practices,0
https://slack.com/docs/v2/api-overview,0
http://auth.shopify.com/pricing,0
https://notion.so/about-us,0
https://blog.gitlab.com/about-us,0
http://www.nytimes.com/blog/2026/cybersecurity-best-practices,0
http://blog.twitter.com/download/desktop-app,0
https://wikipedia.org/search?q=security,0
https://app.twitter.com/contact,0
http://auth.gitlab.com/blog/2026/cybersecurity-best-practices,0
http://www.chase.com/products/category/electronics,0
http://blog.github.com/download/desktop-app,0
https://app.facebook.com/contact,0
https://docs.netflix.com/docs/v2/api-overview,0
https://blog.stackoverflow.com/,0
http://app.canva.com/user/profile,0
https://app.notion.so/pricing,0
https://blog.nytimes.com/search?q=security,0
https://figma.com/help/center/article?id=102,0
http://salesforce.com/pricing,0
https://notion.so/contact,0
https://blog.bbc.com/user/profile,0
http://netflix.com/search?q=security,0
https://blog.zoom.us/docs/v2/api-overview,0
https://support.netflix.com/help/center/article?id=102,0
https://blog.hubspot.com/search?q=security,0
https://docs.cnn.com/user/profile,0
https://support.figma.com/,0
http://google.com/,0
https://docs.dropbox.com/search?q=security,0
http://blog.shopify.com/,0
https://app.gitlab.com/about-us,0
https://figma.com/,0
https://www.zoom.us/contact,0
https://auth.coinbase.com/search?q=security,0
http://auth.zoom.us,0
http://app.gitlab.com/user/profile,0
https://support.shopify.com/products/category/electronics,0
https://www.reddit.com/products/category/electronics,0
https://blog.nytimes.com/about-us,0
https://app.spotify.com/products/category/electronics,0
http://www.shopify.com/products/category/electronics,0
https://app.google.com/user/profile,0
http://docs.stackoverflow.com/user/profile,0
https://www.youtube.com/,0
https://stackoverflow.com,0
https://support.stackoverflow.com/pricing,0
https://app.canva.com/help/center/article?id=102,0
http://blog.coinbase.com/download/desktop-app,0
https://wikipedia.org/download/desktop-app,0
http://support.gitlab.com/docs/v2/api-overview,0
http://spotify.com/about-us,0
https://wikipedia.org/products/category/electronics,0
https://support.stackoverflow.com,0
https://blog.paypal.com/blog/2026/cybersecurity-best-practices,0
https://support.bbc.com/pricing,0
https://app.slack.com/,0
https://docs.github.com/resources/whitepaper.pdf,0
https://facebook.com/help/center/article?id=102,0
http://www.slack.com/help/center/article?id=102,0
https://notion.so/pricing,0
https://adobe.com/,0
https://app.reddit.com/resources/whitepaper.pdf,0
https://auth.reddit.com/search?q=security,0
https://bbc.com/products/category/electronics,0
https://coinbase.com/,0
http://account-chase-service.buzz/support?ref=216875,1
http://confirm.binance.service.user-307.mov/auth/step2,1
https://sec-126-gateway.cf/paypal/confirm/validation/microsoft/index.html?user_id=92906&hash=7ab800e346acd70f,1
http://shorturl.at/apple_banking_51,1
http://support.chase.banking.user-118.online/auth/step2,1
https://login-google-service.work/pay?ref=950588,1
http://billing.chase.recover.user-284.mov/auth/step2,1
http://sec-460-gateway.rest/service/apple/update/recover/index.html?user_id=22702&hash=eeedff58a7bb4644,1
http://4.94.89.79/google/pay.php?token=381460,1
http://sec-784-gateway.space/validation/banking/support/recover/index.html?user_id=64785&hash=467931ee49c74958,1
http://sec-566-gateway.icu/credential/bank/auth/paypal/index.html?user_id=17513&hash=f2df67bb9d519c2c,1
http://sec-688-gateway.ru/google/login/confirm/pay/index.html?user_id=69459&hash=5861a9dfbeac7b08,1
http://30.108.23.49/paypal/paypal.php?token=545187,1
http://service.binance.update.user-168.cn/auth/step2,1
https://sec-212-gateway.zip/google/wallet/confirm/validation/index.html?user_id=32089&hash=c3dfc9822c1383d7,1
http://tiny.cc/chase_banking_93,1
http://login-microsoft-service.icu/login?ref=547153,1
https://password.binance.login.user-191.space/auth/step2,1
http://security.amazon.netflix.user-331.info/auth/step2,1
http://sec-862-gateway.best/auth/update/signin/meta/index.html?user_id=10817&hash=961aedde7ae18e3e,1
https://sec-579-gateway.beauty/account/confirm/credential/password/index.html?user_id=85491&hash=1a181d4579f8df9,1
http://19.227.116.204/microsoft/auth.php?token=101839,1
http://14.158.63.244/netflix/banking.php?token=878751,1
http://3.124.206.219/chase/netflix.php?token=769817,1
http://ow.ly/binance_bank_38,1
http://pay.binance.credential.user-967.org/auth/step2,1
https://sec-176-gateway.online/pay/google/password/banking/index.html?user_id=69326&hash=6eceef536266f062,1
http://bc.vc/apple_microsoft_81,1
http://adf.ly/microsoft_pay_43,1
http://sec-248-gateway.zip/confirm/service/bank/paypal/index.html?user_id=28249&hash=a018c4f23fd700ed,1
https://verify-google-service.com/service?ref=731550,1
https://sec-331-gateway.top/login/credential/signin/confirm/index.html?user_id=45190&hash=f9e43caf5f9cb94d,1
http://buff.ly/microsoft_microsoft_34,1
http://68.131.93.219/amazon/bank.php?token=719916,1
http://5.44.210.97/apple/apple.php?token=538278,1
http://155.58.1.166/apple/validation.php?token=304325,1
http://sec-969-gateway.gq/google/security/password/update/index.html?user_id=27683&hash=3ef5d6f0896f81f2,1
https://sec-772-gateway.link/bank/signin/support/login/index.html?user_id=54492&hash=6558e03efbbe502c,1
http://secure.paypal.billing.user-438.ga/auth/step2,1
https://verify.netflix.verify.user-501.monster/auth/step2,1
http://sec-909-gateway.icu/security/account/login/microsoft/index.html?user_id=69481&hash=c96fb84d05ea030c,1
http://bit.ly/paypal_verify_73,1
http://sec-277-gateway.monster/login/billing/bank/secure/index.html?user_id=45918&hash=610c5b187100f056,1
http://shorturl.at/netflix_meta_47,1
http://buff.ly/amazon_recover_59,1
http://update-netflix-service.cc/service?ref=441061,1
http://is.gd/coinbase_verify_95,1
http://verify-coinbase-service.kim/meta?ref=580462,1
http://sec-330-gateway.ru/paypal/billing/apple/password/index.html?user_id=71760&hash=6e259c17e1e4acf6,1
http://bc.vc/netflix_bank_74,1
http://pay.netflix.signin.user-748.buzz/auth/step2,1
http://recover.google.google.user-535.tech/auth/step2,1
http://166.234.140.120/binance/netflix.php?token=745740,1
https://account-apple-service.site/account?ref=724142,1
http://54.103.245.3/google/banking.php?token=158448,1
http://220.154.183.3/binance/verify.php?token=392180,1
https://sec-940-gateway.monster/google/microsoft/credential/account/index.html?user_id=96256&hash=8939d3b98d96b26b,1
http://shorturl.at/netflix_bank_58,1
https://sec-683-gateway.beauty/banking/meta/login/google/index.html?user_id=29329&hash=25c7aa454dce82d1,1
http://tinyurl.com/amazon_meta_31,1
http://login-paypal-service.info/meta?ref=686678,1
http://64.206.212.147/chase/security.php?token=316844,1
http://sec-659-gateway.club/microsoft/signin/support/auth/index.html?user_id=55426&hash=c9fc8357f0cec610,1
http://sec-398-gateway.fit/pay/bank/login/validation/index.html?user_id=52928&hash=c573c4896456a88,1
http://account-google-service.ga/update?ref=7771,1
https://sec-758-gateway.cn/security/banking/recover/google/index.html?user_id=74382&hash=5757849a1d0c910e,1
http://sec-107-gateway.cf/support/login/billing/password/index.html?user_id=65053&hash=bd9e013d997a8b10,1
http://47.137.244.135/amazon/paypal.php?token=297982,1
http://78.226.169.2/apple/secure.php?token=194919,1
http://sec-950-gateway.cf/wallet/secure/apple/security/index.html?user_id=37861&hash=5ff85b06b84e701d,1
http://ow.ly/apple_security_69,1
https://update-netflix-service.website/meta?ref=500370,1
http://rb.gy/binance_validation_24,1
http://cutt.ly/apple_update_74,1
https://login-apple-service.info/auth?ref=777586,1
http://adf.ly/chase_bank_80,1
http://microsoft.apple.meta.user-364.fit/auth/step2,1
https://password.chase.verify.user-611.kim/auth/step2,1
http://adf.ly/netflix_confirm_75,1
http://bit.ly/google_recover_41,1
http://123.150.250.70/google/credential.php?token=142999,1
http://27.50.47.171/binance/bank.php?token=188461,1
http://bit.do/google_credential_11,1
https://secure-microsoft-service.info/netflix?ref=938133,1
http://sec-248-gateway.club/support/netflix/verify/account/index.html?user_id=39357&hash=83a6b3c6629f60c3,1
http://110.246.20.58/coinbase/credential.php?token=846759,1
http://bit.do/microsoft_account_61,1
http://sec-197-gateway.cf/microsoft/banking/meta/google/index.html?user_id=95584&hash=3458ef96c1d9678b,1
http://update-google-service.cf/security?ref=964176,1
https://verify-binance-service.rest/pay?ref=572941,1
http://account-amazon-service.online/pay?ref=576123,1
http://google.paypal.validation.user-302.icu/auth/step2,1
http://cutt.ly/paypal_paypal_69,1
http://177.192.237.55/coinbase/credential.php?token=213091,1
http://rb.gy/amazon_paypal_82,1
http://microsoft.amazon.apple.user-392.best/auth/step2,1
http://sec-703-gateway.org/credential/microsoft/update/banking/index.html?user_id=53445&hash=dfe51063ed04c23,1
http://153.5.92.149/coinbase/account.php?token=984644,1
http://86.5.180.171/amazon/bank.php?token=325011,1
https://account-amazon-service.fit/service?ref=631979,1
http://tiny.cc/amazon_netflix_52,1
http://sec-932-gateway.gq/credential/banking/service/paypal/index.html?user_id=23238&hash=794a6f2d664360c7,1
http://20.239.97.189/coinbase/billing.php?token=561544,1
http://sec-485-gateway.kim/apple/paypal/google/recover/index.html?user_id=74531&hash=680f8206fcfb751c,1
http://is.gd/paypal_support_43,1
http://buff.ly/amazon_auth_28,1
http://login.apple.meta.user-743.top/auth/step2,1
http://verify.apple.paypal.user-844.kim/auth/step2,1
http://shorturl.at/chase_google_73,1
https://sec-763-gateway.site/recover/security/verify/banking/index.html?user_id=64006&hash=fdc53d906a1bff3a,1
http://buff.ly/google_billing_70,1
https://sec-489-gateway.org/account/validation/service/pay/index.html?user_id=47284&hash=6b84f05ba07546af,1
https://pay.netflix.account.user-686.kim/auth/step2,1
http://account.google.microsoft.user-779.tech/auth/step2,1
http://verify-coinbase-service.online/microsoft?ref=202377,1
http://qr.ae/microsoft_account_39,1
http://login-paypal-service.monster/google?ref=748457,1
http://meta.chase.meta.user-260.kim/auth/step2,1
http://password.microsoft.update.user-485.com/auth/step2,1
https://login-chase-service.site/meta?ref=748004,1
http://verify-chase-service.link/pay?ref=77594,1
https://verify-netflix-service.link/meta?ref=603722,1
https://login.google.microsoft.user-775.ga/auth/step2,1
https://bank.amazon.recover.user-298.buzz/auth/step2,1
https://sec-483-gateway.site/validation/bank/signin/pay/index.html?user_id=40408&hash=55383ee6b3260bac,1
http://111.197.134.116/apple/security.php?token=214341,1
http://122.229.179.178/microsoft/signin.php?token=914806,1
http://74.192.243.84/paypal/auth.php?token=846858,1
http://verify-netflix-service.ml/account?ref=688588,1
http://sec-546-gateway.icu/wallet/service/security/google/index.html?user_id=50765&hash=647e4c27f98eeeb9,1
https://meta.paypal.account.user-822.monster/auth/step2,1
https://sec-145-gateway.kim/update/signin/recover/netflix/index.html?user_id=74631&hash=ae6fb147b70f49cc,1
http://verify-amazon-service.work/apple?ref=685924,1
http://ow.ly/google_password_72,1
http://bit.do/google_recover_67,1
https://login-amazon-service.org/apple?ref=109594,1
https://sec-298-gateway.cc/paypal/pay/service/password/index.html?user_id=63407&hash=7d601466731614e,1
http://84.172.86.44/chase/account.php?token=472633,1
http://secure-chase-service.buzz/security?ref=375771,1
http://165.217.173.176/apple/auth.php?token=618528,1
http://is.gd/microsoft_apple_77,1
http://117.209.133.183/amazon/auth.php?token=985267,1
https://validation.google.billing.user-233.buzz/auth/step2,1
https://netflix.microsoft.confirm.user-891.club/auth/step2,1
http://bank.google.pay.user-265.beauty/auth/step2,1
http://t.co/amazon_account_62,1
http://153.241.183.72/chase/secure.php?token=437242,1
http://sec-862-gateway.kim/verify/google/meta/banking/index.html?user_id=10856&hash=a70fff4c0db0b220,1
http://cutt.ly/microsoft_verify_40,1
http://tinyurl.com/microsoft_validation_39,1
http://support.amazon.microsoft.user-568.buzz/auth/step2,1
https://sec-783-gateway.monster/google/pay/billing/verify/index.html?user_id=39432&hash=bbcb127362f1dd6a,1
https://sec-806-gateway.gq/bank/meta/pay/verify/index.html?user_id=64511&hash=a3ef07de0b89f3f7,1
http://bit.ly/google_validation_85,1
http://microsoft.coinbase.credential.user-568.best/auth/step2,1
http://validation.netflix.password.user-822.ru/auth/step2,1
http://signin.netflix.support.user-670.top/auth/step2,1
http://tinyurl.com/amazon_validation_58,1
http://shorturl.at/coinbase_update_50,1
http://shorturl.at/apple_apple_95,1
http://sec-159-gateway.monster/account/apple/secure/google/index.html?user_id=54271&hash=92fce71fe121a97b,1
http://46.11.89.237/coinbase/confirm.php?token=297187,1
http://75.128.157.160/apple/credential.php?token=148767,1
http://shorturl.at/microsoft_apple_95,1
http://39.46.7.18/binance/service.php?token=923062,1
http://108.86.178.189/apple/service.php?token=225812,1
https://sec-348-gateway.info/apple/verify/recover/confirm/index.html?user_id=85490&hash=1b3f9f502cdab2ce,1
http://is.gd/chase_google_22,1
http://202.222.162.175/netflix/verify.php?token=508607,1
https://confirm.apple.signin.user-127.club/auth/step2,1
http://cutt.ly/binance_netflix_80,1
http://sec-651-gateway.ga/banking/verify/account/login/index.html?user_id=39389&hash=2e0a3da97d8fdabc,1
http://support.paypal.password.user-447.best/auth/step2,1
https://sec-135-gateway.org/recover/signin/netflix/confirm/index.html?user_id=97643&hash=625058f25e1a7030,1
http://114.85.87.178/chase/credential.php?token=487102,1
http://155.26.72.186/microsoft/wallet.php?token=967949,1
http://sec-496-gateway.space/banking/paypal/google/bank/index.html?user_id=11205&hash=9ced7e3d53bac5c,1
https://sec-993-gateway.icu/signin/apple/auth/verify/index.html?user_id=52607&hash=7f007d0bf4bc1485,1
http://190.171.179.55/paypal/banking.php?token=394796,1
http://t.co/apple_verify_50,1
http://tiny.cc/paypal_secure_44,1
http://sec-444-gateway.beauty/banking/support/apple/auth/index.html?user_id=55072&hash=450bc361c0954ba5,1
https://sec-278-gateway.space/login/credential/netflix/paypal/index.html?user_id=85997&hash=492f89e3c0ef8d48,1
https://login-coinbase-service.buzz/verify?ref=754114,1
http://192.211.34.106/paypal/pay.php?token=975543,1
http://billing.amazon.account.user-313.fit/auth/step2,1
http://adf.ly/chase_auth_92,1
http://bit.ly/google_support_23,1
https://bank.amazon.secure.user-773.cc/auth/step2,1
http://137.167.83.37/paypal/verify.php?token=711208,1
http://login-netflix-service.monster/secure?ref=329789,1
http://confirm.netflix.verify.user-133.fit/auth/step2,1
http://185.121.206.162/coinbase/apple.php?token=693778,1
http://secure-netflix-service.ga/meta?ref=387882,1
http://is.gd/microsoft_google_29,1
http://t.co/apple_banking_90,1
http://sec-617-gateway.work/paypal/netflix/microsoft/banking/index.html?user_id=55065&hash=4ecf4ea8ae94a037,1
http://banking.apple.support.user-675.kim/auth/step2,1
http://179.8.110.194/google/microsoft.php?token=517828,1
http://79.20.244.242/binance/account.php?token=584629,1
https://secure-coinbase-service.info/login?ref=593023,1
http://login-coinbase-service.zip/update?ref=8884,1
https://secure-google-service.tk/signin?ref=458305,1
http://verify-amazon-service.click/support?ref=726737,1
https://security.apple.security.user-370.monster/auth/step2,1
http://sec-872-gateway.site/banking/secure/netflix/recover/index.html?user_id=28068&hash=36301e69446267aa,1
http://221.230.105.52/binance/confirm.php?token=543472,1
http://sec-784-gateway.ml/meta/credential/secure/signin/index.html?user_id=29221&hash=63c76f4a463cb45d,1
http://is.gd/binance_account_60,1
https://service.netflix.google.user-353.buzz/auth/step2,1
http://bit.do/paypal_google_98,1
https://bank.apple.validation.user-601.ru/auth/step2,1
https://password.coinbase.credential.user-726.space/auth/step2,1
http://165.166.179.178/chase/billing.php?token=846050,1
http://verify-apple-service.online/apple?ref=338116,1
https://meta.binance.pay.user-669.fit/auth/step2,1
https://sec-693-gateway.website/google/account/pay/service/index.html?user_id=85803&hash=dd5db22fc3a573b9,1
https://auth.paypal.verify.user-790.buzz/auth/step2,1
http://sec-989-gateway.info/recover/verify/update/meta/index.html?user_id=55380&hash=9b986904d84396b4,1
http://verify-binance-service.zip/update?ref=962213,1
https://sec-988-gateway.kim/security/pay/account/meta/index.html?user_id=73456&hash=c7a571aa39844755,1
https://verify-apple-service.gq/banking?ref=952110,1
http://t.co/coinbase_google_88,1
http://153.176.169.239/apple/verify.php?token=582341,1
https://sec-675-gateway.fit/signin/billing/pay/netflix/index.html?user_id=70108&hash=2f47d5abe9c568e9,1
https://sec-212-gateway.link/billing/netflix/apple/verify/index.html?user_id=19808&hash=7f3ff78af39d2bc3,1
http://verify-microsoft-service.info/recover?ref=806163,1
http://shorturl.at/microsoft_paypal_64,1
http://buff.ly/netflix_verify_56,1
http://secure-chase-service.gq/confirm?ref=785856,1
http://bc.vc/apple_auth_81,1
http://rb.gy/binance_meta_93,1
https://secure-chase-service.top/account?ref=503389,1
https://login-binance-service.gq/paypal?ref=90210,1
http://account.paypal.apple.user-867.rest/auth/step2,1
http://password.amazon.netflix.user-620.link/auth/step2,1
https://login-paypal-service.rest/login?ref=57929,1
http://adf.ly/amazon_bank_15,1
http://sec-473-gateway.gq/paypal/recover/billing/meta/index.html?user_id=28139&hash=d45d7dae5d92863f,1
http://86.67.58.154/microsoft/service.php?token=182414,1
https://sec-482-gateway.best/pay/banking/validation/wallet/index.html?user_id=65238&hash=696a19ee82a6a660,1
http://sec-395-gateway.kim/meta/signin/pay/service/index.html?user_id=91045&hash=f5b07b82ec6986ab,1
http://cutt.ly/apple_confirm_18,1
http://login-netflix-service.info/update?ref=395356,1
http://153.183.204.66/paypal/paypal.php?token=778613,1
http://secure-paypal-service.ru/password?ref=245782,1
http://bit.do/chase_confirm_35,1
http://sec-140-gateway.monster/account/billing/auth/apple/index.html?user_id=27127&hash=488ac211110c5195,1
http://sec-220-gateway.cn/auth/support/signin/google/index.html?user_id=43686&hash=51d6cdcada4a915b,1
http://39.214.214.188/paypal/password.php?token=695076,1
http://shorturl.at/chase_auth_81,1
http://37.178.4.92/binance/update.php?token=160617,1
http://tiny.cc/netflix_security_98,1
http://adf.ly/paypal_netflix_56,1
http://bc.vc/apple_wallet_33,1
http://meta.coinbase.verify.user-519.buzz/auth/step2,1
https://recover.amazon.secure.user-300.info/auth/step2,1
http://97.45.78.81/coinbase/netflix.php?token=647641,1
https://secure-apple-service.work/service?ref=145601,1
https://paypal.microsoft.secure.user-335.ml/auth/step2,1
http://bank.paypal.password.user-781.cc/auth/step2,1
https://verify-netflix-service.gq/microsoft?ref=112985,1
https://sec-250-gateway.site/validation/billing/auth/meta/index.html?user_id=92407&hash=6277efe0c16f0ac5,1
https://update.paypal.netflix.user-930.rest/auth/step2,1
http://account-netflix-service.xyz/signin?ref=728630,1
http://service.amazon.recover.user-980.gq/auth/step2,1
http://sec-270-gateway.icu/security/netflix/recover/validation/index.html?user_id=89384&hash=14a88594788be3d2,1
http://sec-260-gateway.click/pay/update/account/banking/index.html?user_id=62648&hash=283f140bbd59120e,1
http://buff.ly/google_recover_79,1
http://validation.chase.confirm.user-444.ru/auth/step2,1
http://5.208.169.63/microsoft/apple.php?token=681087,1
http://is.gd/amazon_service_91,1
http://meta.google.support.user-341.club/auth/step2,1
http://sec-594-gateway.fit/confirm/bank/pay/auth/index.html?user_id=80628&hash=10c2810138b5561c,1
http://secure-google-service.cn/verify?ref=343804,1
http://155.152.61.52/microsoft/secure.php?token=594934,1
http://sec-844-gateway.beauty/meta/paypal/signin/credential/index.html?user_id=98995&hash=b046276d6d0314ae,1
http://verify-chase-service.website/meta?ref=680257,1
http://verify-google-service.club/paypal?ref=698994,1
http://adf.ly/binance_credential_42,1
http://secure-microsoft-service.club/secure?ref=156998,1
http://bc.vc/microsoft_billing_59,1
http://credential.amazon.validation.user-668.icu/auth/step2,1
http://t.co/google_google_59,1
http://verify-microsoft-service.cc/secure?ref=667391,1
https://secure-binance-service.gq/security?ref=484197,1
http://secure-microsoft-service.info/meta?ref=720976,1
http://sec-976-gateway.tech/google/microsoft/wallet/account/index.html?user_id=17151&hash=faf15b597aec2b95,1
http://secure-google-service.net/secure?ref=826749,1
http://79.83.230.3/microsoft/security.php?token=274699,1
https://verify-chase-service.beauty/netflix?ref=260006,1
http://account-binance-service.info/google?ref=219989,1
https://verify-microsoft-service.tech/update?ref=323827,1
http://70.236.140.110/chase/service.php?token=189435,1
http://sec-782-gateway.fit/security/auth/secure/apple/index.html?user_id=37417&hash=e357ef002a44ed10,1
http://32.37.197.187/microsoft/security.php?token=257165,1
http://verify-chase-service.best/security?ref=312722,1
http://signin.google.service.user-415.com/auth/step2,1
https://confirm.microsoft.verify.user-965.site/auth/step2,1
http://sec-226-gateway.xyz/netflix/support/password/auth/index.html?user_id=72042&hash=edfaf1291ca65d11,1
http://buff.ly/binance_validation_58,1
http://sec-425-gateway.cf/update/bank/security/signin/index.html?user_id=10116&hash=bace80b5507b2554,1
https://banking.microsoft.google.user-684.org/auth/step2,1
http://login.coinbase.password.user-671.icu/auth/step2,1
http://bank.google.banking.user-229.cf/auth/step2,1
http://38.162.116.113/google/banking.php?token=931225,1
https://sec-420-gateway.best/account/support/bank/credential/index.html?user_id=34274&hash=57ca8ade06091ffb,1
http://156.62.243.63/google/signin.php?token=342826,1
http://sec-844-gateway.website/account/pay/login/wallet/index.html?user_id=65842&hash=e97e241c4b2ab90c,1
https://login-coinbase-service.online/meta?ref=532733,1
http://buff.ly/amazon_netflix_71,1
https://sec-118-gateway.ml/secure/microsoft/meta/google/index.html?user_id=93439&hash=e1396b64b5b8b90a,1
http://update-google-service.gq/billing?ref=94920,1
http://service.netflix.wallet.user-409.beauty/auth/step2,1
http://tiny.cc/netflix_update_17,1
http://145.102.88.81/chase/pay.php?token=119746,1
http://paypal.binance.account.user-830.ru/auth/step2,1
https://sec-518-gateway.fit/account/apple/secure/bank/index.html?user_id=94189&hash=5ac2f059b291828,1
http://support.amazon.meta.user-619.best/auth/step2,1
http://192.73.165.32/coinbase/meta.php?token=514182,1
http://sec-522-gateway.link/secure/account/update/verify/index.html?user_id=20039&hash=c9320f1af246de06,1
http://17.119.65.176/apple/pay.php?token=609424,1
http://sec-218-gateway.ru/security/signin/validation/confirm/index.html?user_id=14067&hash=91fed8c7745adff8,1
https://password.amazon.netflix.user-497.ru/auth/step2,1
https://sec-857-gateway.cf/wallet/apple/verify/validation/index.html?user_id=86387&hash=f7cb6be98ef67987,1
http://173.75.153.137/google/account.php?token=962858,1
http://181.75.242.131/microsoft/microsoft.php?token=522124,1
http://rb.gy/google_google_13,1
https://update-coinbase-service.tk/apple?ref=957924,1
http://paypal.chase.security.user-873.gq/auth/step2,1
http://update-microsoft-service.icu/wallet?ref=426849,1
http://186.192.99.157/paypal/security.php?token=840166,1
https://pay.amazon.security.user-663.rest/auth/step2,1
http://37.109.43.144/binance/secure.php?token=907212,1
http://bit.ly/binance_banking_85,1
http://shorturl.at/amazon_security_20,1
http://200.148.87.153/coinbase/microsoft.php?token=710675,1
https://password.paypal.apple.user-178.net/auth/step2,1
http://wallet.amazon.password.user-735.cn/auth/step2,1
http://is.gd/microsoft_secure_89,1
https://bank.chase.apple.user-839.kim/auth/step2,1
http://188.249.149.254/netflix/service.php?token=985568,1
http://169.139.126.78/chase/credential.php?token=102933,1
http://111.222.58.214/google/microsoft.php?token=964300,1
http://sec-350-gateway.beauty/validation/pay/signin/password/index.html?user_id=72610&hash=65f7eb15ecb79aad,1
http://secure-google-service.online/credential?ref=6619,1
http://143.8.89.158/apple/banking.php?token=394409,1
http://update-microsoft-service.best/paypal?ref=306316,1
http://verify-amazon-service.ml/banking?ref=243596,1
http://bit.ly/google_bank_48,1
http://account-netflix-service.buzz/account?ref=827305,1
http://rb.gy/google_signin_15,1
http://t.co/apple_confirm_48,1
http://ow.ly/google_account_76,1
http://password.apple.banking.user-672.best/auth/step2,1
https://sec-899-gateway.cf/security/banking/account/pay/index.html?user_id=52323&hash=179f2341512a1ea8,1
https://sec-229-gateway.top/bank/login/banking/account/index.html?user_id=65566&hash=5b7b5d1fa4756f9e,1
http://update-apple-service.cf/netflix?ref=232967,1
http://secure-google-service.buzz/billing?ref=581428,1
http://ow.ly/google_service_48,1
http://bit.ly/apple_support_73,1
http://security.apple.credential.user-949.buzz/auth/step2,1
http://140.96.27.118/amazon/verify.php?token=210422,1
http://bit.do/google_credential_78,1
http://adf.ly/coinbase_billing_77,1
http://login-netflix-service.work/auth?ref=999652,1
http://126.205.56.189/netflix/apple.php?token=774065,1
http://199.243.13.233/binance/billing.php?token=131130,1
http://153.130.131.20/coinbase/support.php?token=454430,1
https://sec-398-gateway.beauty/account/paypal/auth/security/index.html?user_id=25165&hash=f2c6b53ac0a70d72,1
http://shorturl.at/amazon_confirm_21,1
http://bit.do/paypal_validation_66,1
http://178.85.54.250/amazon/service.php?token=686580,1
http://bit.ly/apple_password_89,1
http://verify-google-service.ru/verify?ref=736796,1
https://password.binance.update.user-742.info/auth/step2,1
https://sec-165-gateway.zip/apple/secure/update/account/index.html?user_id=77137&hash=3ac21aec6a734df7,1
http://204.208.92.211/coinbase/pay.php?token=441324,1
http://sec-214-gateway.best/paypal/microsoft/login/google/index.html?user_id=38822&hash=5a25a6578bd1b376,1
http://billing.netflix.google.user-531.gq/auth/step2,1
http://168.126.214.147/microsoft/auth.php?token=230897,1
http://sec-847-gateway.work/banking/account/verify/secure/index.html?user_id=22368&hash=60e85fa32bc48d26,1
http://sec-863-gateway.com/pay/password/account/apple/index.html?user_id=40459&hash=6681e83cf6839b8f,1
http://t.co/binance_paypal_30,1
http://177.106.185.249/netflix/validation.php?token=493540,1
http://confirm.paypal.update.user-954.cc/auth/step2,1
http://auth.binance.validation.user-815.ru/auth/step2,1
https://pay.paypal.recover.user-164.info/auth/step2,1
http://password.apple.banking.user-506.org/auth/step2,1
https://sec-749-gateway.ru/microsoft/recover/validation/login/index.html?user_id=44525&hash=493cad1347cffabb,1
https://update.apple.netflix.user-664.space/auth/step2,1
http://buff.ly/chase_verify_29,1
http://46.50.180.237/chase/auth.php?token=233242,1
http://update-amazon-service.com/wallet?ref=54157,1
http://secure-microsoft-service.info/verify?ref=186924,1
http://221.15.74.84/google/banking.php?token=506028,1
http://sec-831-gateway.ml/apple/google/meta/wallet/index.html?user_id=19749&hash=47cfa2c183914c5d,1
http://ow.ly/microsoft_billing_83,1
http://tiny.cc/coinbase_google_10,1
https://sec-414-gateway.space/recover/login/microsoft/credential/index.html?user_id=46511&hash=5deb5710b6807dd,1
http://sec-510-gateway.link/confirm/auth/support/service/index.html?user_id=73601&hash=8b815f3fc0962f5e,1
http://bc.vc/paypal_verify_45,1
http://sec-603-gateway.gq/update/login/security/confirm/index.html?user_id=25397&hash=1e44fd8be0bf83a5,1
https://billing.apple.verify.user-903.tk/auth/step2,1
http://89.191.34.121/amazon/microsoft.php?token=922544,1
http://update-binance-service.tk/recover?ref=562416,1
http://t.co/chase_update_47,1
http://tiny.cc/paypal_billing_64,1
http://apple.apple.signin.user-925.cf/auth/step2,1
http://shorturl.at/microsoft_service_91,1
http://52.69.36.24/paypal/service.php?token=587972,1
http://buff.ly/coinbase_paypal_61,1
http://178.54.216.57/google/microsoft.php?token=891903,1
http://t.co/paypal_apple_27,1
http://buff.ly/netflix_banking_81,1
https://sec-566-gateway.icu/password/validation/auth/credential/index.html?user_id=93458&hash=5094068e588c9a7d,1
http://1.132.115.17/google/pay.php?token=278834,1
http://secure-microsoft-service.ml/signin?ref=17407,1
https://sec-363-gateway.info/login/validation/apple/security/index.html?user_id=72858&hash=73def9802f8e0313,1
http://verify-netflix-service.space/update?ref=961142,1
https://confirm.paypal.update.user-632.net/auth/step2,1
http://is.gd/paypal_meta_21,1
https://account-apple-service.rest/wallet?ref=692351,1
http://82.1.179.135/google/validation.php?token=849094,1
http://login-paypal-service.com/verify?ref=709556,1
http://secure-amazon-service.mov/billing?ref=814219,1
http://sec-108-gateway.org/account/recover/security/service/index.html?user_id=28529&hash=7226a42b18b59af2,1
http://billing.coinbase.meta.user-317.gq/auth/step2,1
http://account-paypal-service.ga/validation?ref=617098,1
http://update-apple-service.beauty/paypal?ref=180868,1
http://update-chase-service.work/bank?ref=55489,1
http://194.229.111.54/amazon/credential.php?token=383814,1
http://203.211.202.176/apple/netflix.php?token=881072,1
http://update-amazon-service.link/apple?ref=309890,1
http://cutt.ly/amazon_recover_19,1
http://secure-microsoft-service.net/support?ref=883121,1
http://sec-514-gateway.kim/apple/signin/recover/billing/index.html?user_id=61022&hash=3ba0d9a105fec3f8,1
http://sec-825-gateway.work/auth/support/update/apple/index.html?user_id=43282&hash=e7158b07c354c235,1
http://netflix.chase.confirm.user-909.mov/auth/step2,1
https://recover.paypal.signin.user-928.beauty/auth/step2,1
http://t.co/apple_apple_68,1
http://128.131.232.34/microsoft/update.php?token=324304,1
http://is.gd/microsoft_confirm_34,1
http://confirm.google.credential.user-130.gq/auth/step2,1
http://verify.google.signin.user-580.tech/auth/step2,1
http://confirm.coinbase.credential.user-747.kim/auth/step2,1
https://sec-422-gateway.mov/password/support/validation/security/index.html?user_id=70047&hash=b667b59c792e233,1
http://is.gd/microsoft_validation_64,1
http://sec-552-gateway.monster/paypal/wallet/service/google/index.html?user_id=53075&hash=f32d29a82a5eb1c5,1
http://140.28.136.151/amazon/bank.php?token=911068,1
http://buff.ly/binance_support_92,1
http://cutt.ly/binance_credential_39,1
http://google.google.auth.user-390.online/auth/step2,1
http://rb.gy/chase_recover_96,1
http://bit.do/apple_bank_19,1
http://sec-300-gateway.cc/billing/credential/bank/microsoft/index.html?user_id=49694&hash=53d8a2dbf063665e,1
https://google.microsoft.login.user-553.org/auth/step2,1
http://shorturl.at/coinbase_update_10,1
http://49.236.110.115/paypal/security.php?token=590348,1
http://sec-388-gateway.tk/banking/service/verify/microsoft/index.html?user_id=64695&hash=f369a69ee76acfa3,1
http://login-amazon-service.icu/google?ref=701320,1
http://billing.paypal.google.user-650.net/auth/step2,1
https://sec-690-gateway.cc/signin/bank/google/account/index.html?user_id=59071&hash=e9c7329b39d42bde,1
https://sec-785-gateway.icu/service/auth/validation/security/index.html?user_id=12328&hash=13369c8f1b236e4e,1
http://3.156.62.63/amazon/update.php?token=255054,1
http://sec-377-gateway.beauty/wallet/service/auth/security/index.html?user_id=38241&hash=c98b31fb419949f2,1
http://credential.amazon.secure.user-776.work/auth/step2,1
http://110.8.111.105/coinbase/verify.php?token=184683,1
https://service.coinbase.security.user-561.icu/auth/step2,1
http://sec-975-gateway.club/meta/netflix/billing/banking/index.html?user_id=13710&hash=4b56e37d5efac3c9,1
http://secure.microsoft.account.user-585.space/auth/step2,1
https://password.binance.update.user-533.link/auth/step2,1
https://sec-847-gateway.xyz/wallet/credential/login/service/index.html?user_id=23289&hash=6c88e0553d91eb84,1
https://sec-657-gateway.info/microsoft/banking/password/confirm/index.html?user_id=16577&hash=b689eb68eb6ddd7d,1
http://61.225.239.91/chase/service.php?token=512062,1
http://sec-207-gateway.kim/confirm/recover/auth/microsoft/index.html?user_id=84168&hash=2c0193a60060658,1
https://sec-920-gateway.best/meta/account/confirm/apple/index.html?user_id=88154&hash=ed6f55cf1d79d7e,1
https://microsoft.microsoft.apple.user-644.link/auth/step2,1
http://sec-960-gateway.website/login/apple/password/secure/index.html?user_id=54947&hash=270459cebff8c24c,1
https://verify-apple-service.cf/service?ref=688067,1
http://update-amazon-service.info/account?ref=469663,1
http://login-netflix-service.zip/netflix?ref=281695,1
http://login-apple-service.org/validation?ref=172843,1
http://sec-514-gateway.org/bank/support/signin/apple/index.html?user_id=36934&hash=1d1204d55f76fc30,1
https://paypal.paypal.recover.user-661.beauty/auth/step2,1
http://shorturl.at/amazon_secure_39,1
https://sec-106-gateway.com/apple/credential/banking/auth/index.html?user_id=43939&hash=b61d5cd406838c80,1
http://sec-314-gateway.xyz/security/microsoft/bank/recover/index.html?user_id=99540&hash=c53fe4d3726824ec,1
http://t.co/amazon_credential_64,1
http://163.116.86.19/chase/apple.php?token=875293,1
http://verify.microsoft.pay.user-446.ru/auth/step2,1
http://microsoft.google.validation.user-582.zip/auth/step2,1
http://shorturl.at/binance_credential_27,1
http://sec-167-gateway.com/login/verify/service/auth/index.html?user_id=53793&hash=505eafaa8129a240,1
http://121.191.227.36/netflix/bank.php?token=602818,1
http://8.143.84.29/google/login.php?token=226141,1
http://t.co/netflix_auth_92,1
https://signin.netflix.verify.user-517.site/auth/step2,1
http://tinyurl.com/google_signin_42,1
http://bit.ly/google_wallet_67,1
http://paypal.coinbase.auth.user-499.work/auth/step2,1
http://adf.ly/amazon_google_81,1
http://221.183.33.49/apple/google.php?token=446809,1
http://buff.ly/netflix_credential_86,1
http://bc.vc/netflix_update_15,1
https://sec-827-gateway.online/validation/pay/auth/bank/index.html?user_id=58862&hash=4c5e72743de10391,1
http://netflix.paypal.microsoft.user-318.ga/auth/step2,1
http://sec-538-gateway.kim/google/wallet/update/auth/index.html?user_id=99821&hash=f46b59219e86d497,1
http://credential.binance.apple.user-758.cf/auth/step2,1
http://184.206.159.157/coinbase/netflix.php?token=279693,1
http://sec-946-gateway.kim/support/service/auth/paypal/index.html?user_id=77626&hash=735ada1d1833a5be,1
https://meta.binance.auth.user-155.kim/auth/step2,1
http://verify-microsoft-service.fit/confirm?ref=661463,1
http://sec-728-gateway.org/netflix/signin/password/validation/index.html?user_id=55007&hash=2f07ec40934b6c91,1
http://login-coinbase-service.website/security?ref=542124,1
http://update-binance-service.online/recover?ref=408276,1
http://buff.ly/paypal_pay_62,1
http://145.59.181.92/microsoft/signin.php?token=939612,1
http://netflix.apple.google.user-819.xyz/auth/step2,1
http://secure-amazon-service.zip/microsoft?ref=310654,1
http://bit.do/google_paypal_40,1
https://sec-147-gateway.xyz/bank/verify/recover/banking/index.html?user_id=36703&hash=ba54ffb95520176c,1
http://tinyurl.com/netflix_support_26,1
http://secure-chase-service.gq/security?ref=262847,1
http://203.28.16.24/google/account.php?token=641415,1
http://153.234.8.216/chase/confirm.php?token=127980,1
http://cutt.ly/apple_account_34,1
https://sec-471-gateway.click/wallet/bank/confirm/service/index.html?user_id=38238&hash=1135f081d42c1875,1
http://65.125.85.26/google/password.php?token=864930,1
http://buff.ly/microsoft_service_16,1
http://sec-266-gateway.cn/apple/billing/netflix/recover/index.html?user_id=70251&hash=b37f26a76c6a0b96,1
https://service.microsoft.signin.user-906.monster/auth/step2,1
https://secure-coinbase-service.ml/wallet?ref=788369,1
http://verify-netflix-service.click/service?ref=824180,1
http://cutt.ly/netflix_support_62,1
http://secure.apple.credential.user-526.click/auth/step2,1
http://sec-912-gateway.best/validation/billing/confirm/credential/index.html?user_id=47749&hash=c74af8aaf40b8e99,1
http://209.56.130.87/paypal/banking.php?token=680746,1
http://sec-329-gateway.buzz/service/verify/meta/paypal/index.html?user_id=76806&hash=16d8f285328bb630,1
http://cutt.ly/microsoft_meta_90,1
https://apple.amazon.auth.user-232.tech/auth/step2,1
http://sec-163-gateway.kim/credential/support/account/verify/index.html?user_id=31408&hash=11b444db5f89e311,1
http://recover.binance.billing.user-409.beauty/auth/step2,1
http://40.165.159.98/google/signin.php?token=215275,1
http://sec-278-gateway.org/credential/account/banking/bank/index.html?user_id=96144&hash=6c33b94b267de613,1
http://89.215.48.76/paypal/secure.php?token=196074,1
https://sec-233-gateway.com/pay/auth/account/update/index.html?user_id=46073&hash=a03dd6fa09c8f2f3,1
http://verify-amazon-service.icu/meta?ref=286578,1
http://verify-chase-service.gq/credential?ref=170225,1
http://sec-641-gateway.click/verify/billing/account/wallet/index.html?user_id=92546&hash=1eaf85424ad09f3d,1
http://41.14.135.85/chase/verify.php?token=504376,1
http://netflix.netflix.credential.user-870.top/auth/step2,1
http://rb.gy/apple_wallet_36,1
http://update-chase-service.mov/service?ref=953196,1
http://45.79.28.158/binance/wallet.php?token=504881,1
http://adf.ly/google_paypal_77,1
http://pay.microsoft.confirm.user-216.beauty/auth/step2,1
https://account-binance-service.cc/recover?ref=874701,1
https://apple.netflix.service.user-806.icu/auth/step2,1
http://verify.google.update.user-767.work/auth/step2,1
http://login-binance-service.link/account?ref=268543,1
http://is.gd/netflix_netflix_94,1
http://confirm.netflix.support.user-484.rest/auth/step2,1
http://credential.chase.auth.user-753.link/auth/step2,1
http://verify-coinbase-service.ml/apple?ref=806622,1
http://sec-995-gateway.website/auth/support/security/billing/index.html?user_id=62435&hash=7de60204a14cb486,1
http://support.google.credential.user-121.rest/auth/step2,1
https://recover.chase.update.user-598.gq/auth/step2,1
http://verify.netflix.signin.user-260.club/auth/step2,1
http://sec-469-gateway.space/account/update/paypal/validation/index.html?user_id=94791&hash=8436fe3285438772,1
http://verify-binance-service.buzz/password?ref=323761,1
http://bit.do/binance_confirm_74,1
https://sec-205-gateway.top/bank/google/account/microsoft/index.html?user_id=78227&hash=38b19d60ef8e9274,1
https://google.google.security.user-163.online/auth/step2,1
http://21.61.7.209/paypal/signin.php?token=512146,1
https://sec-655-gateway.icu/pay/signin/support/credential/index.html?user_id=99545&hash=74ee461ee1cac457,1
http://201.55.54.236/paypal/wallet.php?token=637251,1
http://secure-amazon-service.info/signin?ref=954116,1
http://128.24.101.144/netflix/apple.php?token=365074,1
https://verify-chase-service.click/auth?ref=442405,1
http://verify-paypal-service.fit/security?ref=6387,1
http://79.118.5.111/apple/login.php?token=767523,1
http://banking.netflix.google.user-844.link/auth/step2,1
https://login-binance-service.ru/verify?ref=996820,1
http://sec-218-gateway.org/pay/credential/support/verify/index.html?user_id=98792&hash=d5d3630e7e2db977,1
http://sec-800-gateway.ru/verify/apple/paypal/meta/index.html?user_id=60214&hash=dfd0f2aec906e511,1
http://sec-290-gateway.kim/netflix/update/google/microsoft/index.html?user_id=87483&hash=3520c71129c6ccbe,1
http://tiny.cc/google_credential_46,1
http://197.47.248.5/binance/password.php?token=847315,1
http://update-coinbase-service.website/google?ref=970608,1
http://127.143.101.20/netflix/security.php?token=440937,1
http://118.61.123.5/google/bank.php?token=801821,1
https://login-netflix-service.rest/bank?ref=629213,1
http://sec-922-gateway.link/signin/service/verify/confirm/index.html?user_id=19142&hash=49eb119a646201ca,1
http://qr.ae/apple_validation_20,1
http://login.binance.recover.user-230.space/auth/step2,1
http://microsoft.paypal.security.user-523.fit/auth/step2,1
http://credential.binance.security.user-787.zip/auth/step2,1
http://account-amazon-service.club/bank?ref=778727,1
https://sec-313-gateway.fit/meta/apple/wallet/secure/index.html?user_id=24234&hash=4c2142649127f2c9,1
http://security.microsoft.banking.user-584.space/auth/step2,1
https://security.google.security.user-649.buzz/auth/step2,1
http://46.190.234.73/paypal/meta.php?token=803264,1
http://208.42.88.159/apple/meta.php?token=559106,1
http://verify-netflix-service.tk/login?ref=865388,1
http://31.177.190.133/microsoft/pay.php?token=325197,1
https://banking.paypal.verify.user-540.ru/auth/step2,1
http://203.24.6.164/apple/auth.php?token=895681,1
http://46.229.59.99/netflix/wallet.php?token=537954,1
http://secure-apple-service.click/paypal?ref=514712,1
https://login-coinbase-service.com/wallet?ref=839229,1
http://sec-911-gateway.info/bank/account/support/confirm/index.html?user_id=55305&hash=7f1003578c987eeb,1
http://adf.ly/google_support_27,1
http://adf.ly/apple_signin_65,1
http://verify.paypal.validation.user-865.mov/auth/step2,1
http://sec-528-gateway.cf/confirm/login/auth/account/index.html?user_id=44107&hash=2eb247b8d5c8d8d8,1
http://sec-546-gateway.tk/banking/password/signin/update/index.html?user_id=13138&hash=9d8c39bd42d6e4d4,1
http://ow.ly/netflix_signin_28,1
http://sec-229-gateway.cc/secure/billing/banking/security/index.html?user_id=86242&hash=5d3d2bd85ef72808,1
http://173.68.214.84/netflix/update.php?token=746515,1
http://112.200.198.132/netflix/meta.php?token=736462,1
http://133.124.175.37/microsoft/account.php?token=706965,1
http://12.0.11.222/apple/secure.php?token=731913,1
http://tiny.cc/microsoft_update_33,1
https://sec-120-gateway.tech/verify/password/support/google/index.html?user_id=15431&hash=1c644f7856e64255,1
http://bit.do/netflix_secure_62,1
http://bc.vc/microsoft_billing_84,1
http://account.paypal.netflix.user-167.zip/auth/step2,1
http://ow.ly/amazon_security_33,1
http://59.254.173.128/chase/meta.php?token=698606,1
http://login-coinbase-service.icu/wallet?ref=91439,1
http://sec-935-gateway.ml/netflix/confirm/security/verify/index.html?user_id=28247&hash=9d8bf968be862eff,1
http://is.gd/binance_auth_44,1
http://login-coinbase-service.monster/bank?ref=377797,1
https://login-coinbase-service.cf/signin?ref=774340,1
http://buff.ly/microsoft_billing_15,1
http://account-chase-service.kim/secure?ref=422879,1
http://update-chase-service.icu/recover?ref=969739,1
http://update-microsoft-service.monster/security?ref=766645,1
http://qr.ae/netflix_recover_85,1
http://ow.ly/microsoft_billing_95,1
http://81.47.226.204/apple/microsoft.php?token=156747,1
http://billing.paypal.secure.user-575.kim/auth/step2,1
http://78.224.227.93/paypal/billing.php?token=592108,1
http://login-chase-service.beauty/signin?ref=805307,1
https://support.amazon.verify.user-201.cc/auth/step2,1
http://sec-923-gateway.tk/validation/billing/auth/microsoft/index.html?user_id=73117&hash=85a5f9fa4a4be34d,1
http://sec-580-gateway.cf/secure/meta/confirm/update/index.html?user_id=53700&hash=5a18b9e138f2b4fd,1
http://login-amazon-service.gq/support?ref=157696,1
http://update-chase-service.online/banking?ref=430462,1
http://secure-paypal-service.tech/wallet?ref=426749,1
http://sec-934-gateway.monster/password/secure/apple/login/index.html?user_id=63252&hash=97224dcae00bff3e,1
http://bit.ly/microsoft_paypal_24,1
http://rb.gy/netflix_update_54,1
http://account-apple-service.xyz/password?ref=485724,1
http://183.172.150.83/paypal/pay.php?token=744865,1
http://validation.coinbase.wallet.user-836.buzz/auth/step2,1
http://support.binance.confirm.user-816.buzz/auth/step2,1
http://netflix.google.password.user-710.com/auth/step2,1
http://sec-705-gateway.tech/validation/credential/security/login/index.html?user_id=39556&hash=898ef4606b5672d1,1
http://sec-591-gateway.xyz/account/microsoft/credential/update/index.html?user_id=74961&hash=83e5bb4ee113787c,1
http://validation.coinbase.signin.user-795.top/auth/step2,1
http://recover.chase.credential.user-533.tk/auth/step2,1
http://adf.ly/binance_google_97,1
http://billing.coinbase.verify.user-663.ru/auth/step2,1
https://login-chase-service.click/paypal?ref=303010,1
http://verify.coinbase.recover.user-595.monster/auth/step2,1
http://171.176.198.133/apple/recover.php?token=376672,1
http://70.161.189.229/microsoft/update.php?token=483983,1
https://support.chase.signin.user-668.cc/auth/step2,1
http://sec-734-gateway.fit/confirm/account/update/wallet/index.html?user_id=61454&hash=69c840ae105a1ccc,1
http://bit.do/microsoft_account_74,1
http://t.co/microsoft_security_32,1
http://ow.ly/coinbase_billing_42,1
http://pay.paypal.banking.user-117.monster/auth/step2,1
https://sec-940-gateway.club/account/service/recover/login/index.html?user_id=39512&hash=45c956fb138761fb,1
http://banking.google.netflix.user-291.monster/auth/step2,1
http://72.229.50.38/microsoft/signin.php?token=362071,1
https://sec-938-gateway.tk/validation/signin/password/banking/index.html?user_id=93281&hash=7f9fedc20aab086e,1
http://shorturl.at/binance_signin_88,1
http://cutt.ly/netflix_google_98,1
http://netflix.coinbase.support.user-837.zip/auth/step2,1
http://buff.ly/microsoft_bank_17,1
https://sec-344-gateway.buzz/billing/secure/credential/password/index.html?user_id=87031&hash=1a4a54892c45e736,1
http://verify-microsoft-service.com/billing?ref=577758,1
http://account-netflix-service.tk/account?ref=475725,1
http://bit.ly/apple_apple_78,1
http://sec-105-gateway.mov/password/bank/paypal/apple/index.html?user_id=14557&hash=50662561240e3de0,1
https://banking.binance.security.user-600.ru/auth/step2,1
https://verify-google-service.cc/bank?ref=46708,1
https://sec-903-gateway.link/account/pay/wallet/verify/index.html?user_id=55685&hash=59817a5749e47b31,1
https://google.coinbase.bank.user-576.tech/auth/step2,1
http://update-google-service.cc/recover?ref=918869,1
https://auth.coinbase.microsoft.user-289.tk/auth/step2,1
http://2.49.183.128/microsoft/confirm.php?token=845088,1
http://service.chase.signin.user-733.beauty/auth/step2,1
http://sec-894-gateway.best/account/apple/validation/pay/index.html?user_id=79951&hash=c2ea241d5a7e3de0,1
http://bit.do/apple_credential_90,1
https://google.coinbase.banking.user-892.tech/auth/step2,1
http://signin.amazon.pay.user-121.work/auth/step2,1
https://sec-895-gateway.xyz/pay/security/auth/wallet/index.html?user_id=36988&hash=8292ceaa4a83b3c2,1
https://verify-binance-service.best/account?ref=277523,1
https://sec-671-gateway.monster/apple/login/account/banking/index.html?user_id=50199&hash=eef9dff9f50213fe,1
http://sec-703-gateway.tk/billing/update/wallet/secure/index.html?user_id=50484&hash=45495626195cf59a,1
https://sec-497-gateway.gq/verify/security/wallet/credential/index.html?user_id=14181&hash=5e296fc08e6112d8,1
https://login-coinbase-service.tk/wallet?ref=31875,1
http://91.0.0.185/google/auth.php?token=591396,1
https://verify.microsoft.verify.user-942.link/auth/step2,1
http://sec-832-gateway.icu/recover/verify/account/apple/index.html?user_id=12205&hash=3cb7d7f217bc1fff,1
http://buff.ly/binance_apple_53,1
http://138.117.206.89/paypal/update.php?token=168466,1
http://account-apple-service.gq/signin?ref=52346,1
http://verify-google-service.monster/meta?ref=94129,1
https://sec-855-gateway.ga/billing/auth/wallet/netflix/index.html?user_id=95555&hash=cacbab843514e689,1
http://bc.vc/apple_billing_76,1
http://banking.apple.validation.user-990.tech/auth/step2,1
http://is.gd/paypal_verify_35,1
http://sec-357-gateway.monster/security/meta/account/bank/index.html?user_id=77878&hash=ac1ee3a1500ec049,1
http://qr.ae/paypal_confirm_93,1
https://secure-google-service.xyz/login?ref=835452,1
http://service.netflix.wallet.user-911.gq/auth/step2,1
http://login-apple-service.cf/netflix?ref=314927,1
https://recover.netflix.confirm.user-405.tk/auth/step2,1
https://secure-google-service.click/service?ref=832089,1
http://sec-857-gateway.online/confirm/paypal/security/banking/index.html?user_id=50598&hash=b82895bf33e53b33,1
http://tinyurl.com/netflix_verify_53,1
http://sec-154-gateway.online/support/secure/meta/microsoft/index.html?user_id=35332&hash=592bd27e4dd1a3a7,1
https://apple.binance.confirm.user-231.beauty/auth/step2,1
http://sec-212-gateway.link/google/auth/verify/password/index.html?user_id=27618&hash=f65800abc3c55362,1
http://qr.ae/apple_wallet_35,1
https://sec-629-gateway.info/auth/banking/secure/password/index.html?user_id=81232&hash=38db0581248b080b,1
https://verify-microsoft-service.ml/bank?ref=192331,1
http://bit.ly/chase_support_47,1
http://50.174.53.42/amazon/wallet.php?token=625240,1
http://28.83.68.58/coinbase/update.php?token=784153,1
http://validation.apple.service.user-968.site/auth/step2,1
http://secure-netflix-service.site/banking?ref=681430,1
http://sec-484-gateway.ml/security/service/billing/meta/index.html?user_id=17250&hash=ff9b3f985578211f,1
http://68.102.209.178/coinbase/login.php?token=610991,1
http://sec-893-gateway.tech/wallet/banking/account/secure/index.html?user_id=13176&hash=2efac733e228d300,1
http://214.176.31.62/amazon/auth.php?token=327953,1
http://verify-apple-service.beauty/signin?ref=507110,1
https://credential.netflix.bank.user-548.gq/auth/step2,1
https://verify-amazon-service.click/credential?ref=137818,1
http://secure.netflix.apple.user-162.tech/auth/step2,1
http://172.124.59.159/chase/verify.php?token=736192,1
http://105.50.171.165/apple/verify.php?token=369394,1
http://158.173.20.109/chase/login.php?token=303711,1
http://214.114.243.123/chase/verify.php?token=729520,1
http://account.binance.pay.user-858.ru/auth/step2,1
http://122.95.209.76/binance/confirm.php?token=452808,1
http://tinyurl.com/apple_bank_32,1
http://adf.ly/coinbase_wallet_48,1
http://153.24.156.73/netflix/recover.php?token=473302,1
http://update-netflix-service.tk/netflix?ref=473396,1
https://login.coinbase.google.user-258.mov/auth/step2,1
http://secure-microsoft-service.info/security?ref=537632,1
http://sec-257-gateway.zip/recover/verify/bank/account/index.html?user_id=45689&hash=37937a8f509be1ef,1
http://pay.google.secure.user-751.website/auth/step2,1
http://auth.binance.support.user-449.club/auth/step2,1
http://bc.vc/netflix_support_41,1
https://account-coinbase-service.kim/meta?ref=594813,1
http://sec-936-gateway.ga/password/paypal/pay/bank/index.html?user_id=53158&hash=def335a89046962f,1
http://222.155.212.222/microsoft/apple.php?token=102158,1
https://sec-430-gateway.cn/support/pay/verify/meta/index.html?user_id=44573&hash=6531e6b9ecc8dfed,1
http://sec-952-gateway.ru/paypal/microsoft/billing/wallet/index.html?user_id=35384&hash=e85117f89cf23e75,1
https://account-apple-service.website/wallet?ref=370375,1
https://sec-772-gateway.best/signin/google/service/login/index.html?user_id=52808&hash=3977c580777a149d,1
http://wallet.coinbase.security.user-694.monster/auth/step2,1
http://apple.amazon.confirm.user-353.space/auth/step2,1
http://184.8.3.36/apple/confirm.php?token=918543,1
http://97.161.175.5/chase/microsoft.php?token=309730,1
http://167.165.204.70/paypal/update.php?token=686745,1
http://bit.ly/microsoft_recover_84,1
https://sec-693-gateway.website/service/password/credential/netflix/index.html?user_id=74584&hash=e4df6e4236398852,1
http://216.81.126.207/binance/confirm.php?token=138483,1
http://3.155.172.49/paypal/login.php?token=590105,1
http://tinyurl.com/coinbase_secure_69,1
http://login-microsoft-service.ga/validation?ref=521912,1
http://bit.ly/chase_meta_88,1
https://account-binance-service.info/netflix?ref=297300,1
http://219.89.126.115/paypal/microsoft.php?token=915306,1
https://sec-347-gateway.space/support/auth/recover/service/index.html?user_id=11058&hash=6c963d6774b8ee90,1
http://account-chase-service.info/verify?ref=890148,1
http://security.coinbase.billing.user-238.ml/auth/step2,1
http://bc.vc/binance_service_46,1
http://181.88.97.118/microsoft/meta.php?token=685611,1
http://login.netflix.login.user-815.cf/auth/step2,1
http://sec-642-gateway.net/credential/login/banking/confirm/index.html?user_id=54198&hash=1c10ef2efe8453bd,1
https://paypal.binance.secure.user-498.tech/auth/step2,1
https://google.google.bank.user-288.monster/auth/step2,1
http://pay.paypal.credential.user-958.online/auth/step2,1
http://1.125.102.126/google/billing.php?token=238695,1
http://account-coinbase-service.online/google?ref=980711,1
http://ow.ly/binance_validation_34,1
https://sec-268-gateway.kim/google/security/paypal/apple/index.html?user_id=17975&hash=938a972b03843ba3,1
http://bc.vc/amazon_apple_66,1
http://secure-apple-service.online/verify?ref=65014,1
http://bc.vc/netflix_service_35,1
http://sec-667-gateway.online/recover/pay/verify/auth/index.html?user_id=51065&hash=5fd15a6402d31079,1
http://rb.gy/paypal_account_66,1
https://sec-138-gateway.best/wallet/account/service/verify/index.html?user_id=88132&hash=836e9c8a5c8ed15e,1
http://wallet.amazon.service.user-463.space/auth/step2,1
http://account-google-service.rest/google?ref=515810,1
http://update-binance-service.net/google?ref=362818,1
http://confirm.amazon.verify.user-196.cn/auth/step2,1
https://sec-841-gateway.net/signin/support/paypal/confirm/index.html?user_id=14788&hash=51b3f84531a8bd94,1
http://214.34.156.159/google/pay.php?token=708411,1
http://buff.ly/chase_meta_15,1
https://sec-127-gateway.fit/apple/validation/auth/netflix/index.html?user_id=47039&hash=8c0f1ee458cb8407,1
http://verify.paypal.pay.user-245.cf/auth/step2,1
http://128.3.5.151/microsoft/confirm.php?token=548851,1
http://100.96.140.105/netflix/netflix.php?token=314500,1
http://google.binance.apple.user-124.club/auth/step2,1
http://51.9.184.93/google/wallet.php?token=348976,1
http://auth.google.credential.user-613.xyz/auth/step2,1
http://sec-586-gateway.ml/wallet/pay/signin/account/index.html?user_id=34119&hash=daa4bfe02cb9ba33,1
http://bank.netflix.service.user-709.info/auth/step2,1
http://ow.ly/apple_netflix_37,1
http://sec-723-gateway.ga/credential/meta/update/microsoft/index.html?user_id=97793&hash=c8a2adb715ea8fe1,1
http://password.apple.verify.user-267.tk/auth/step2,1
https://sec-517-gateway.gq/recover/wallet/signin/paypal/index.html?user_id=58152&hash=4abf4c00b263745a,1
http://sec-175-gateway.click/login/validation/confirm/security/index.html?user_id=30064&hash=b4416f1afa525c6d,1
http://verify-microsoft-service.info/validation?ref=777683,1
http://32.177.224.158/netflix/account.php?token=818330,1
https://sec-915-gateway.buzz/verify/security/billing/signin/index.html?user_id=20230&hash=b881f60de2328b0a,1
https://sec-250-gateway.rest/service/microsoft/confirm/meta/index.html?user_id=27680&hash=cd6255cce5bc1439,1
https://verify-google-service.rest/google?ref=790756,1
http://rb.gy/netflix_update_13,1
http://159.103.33.108/amazon/meta.php?token=525413,1
http://sec-981-gateway.cf/verify/google/banking/update/index.html?user_id=84734&hash=73472bae11511426,1
http://credential.microsoft.google.user-846.work/auth/step2,1
http://sec-746-gateway.com/microsoft/meta/verify/security/index.html?user_id=16710&hash=40b54aa5d3a9347c,1
http://support.chase.secure.user-553.xyz/auth/step2,1
http://tiny.cc/google_signin_95,1
http://login-chase-service.click/account?ref=943986,1
http://188.106.205.109/amazon/confirm.php?token=103526,1
https://wallet.apple.password.user-549.top/auth/step2,1
http://sec-128-gateway.xyz/apple/meta/bank/pay/index.html?user_id=99113&hash=63c344d13d052ca0,1
http://account-chase-service.ga/login?ref=819036,1
http://tiny.cc/chase_account_51,1
https://sec-533-gateway.club/apple/security/support/account/index.html?user_id=73620&hash=8de42d6cb88692c5,1
http://tiny.cc/google_password_25,1
http://3.43.159.217/binance/security.php?token=670940,1
http://account.microsoft.login.user-144.space/auth/step2,1
http://sec-789-gateway.gq/apple/support/pay/security/index.html?user_id=62238&hash=1e4301c98672fd54,1
http://sec-566-gateway.kim/login/support/auth/billing/index.html?user_id=69903&hash=9a96908cc357d654,1
http://158.164.175.42/google/recover.php?token=503679,1
http://account-amazon-service.monster/wallet?ref=735411,1
https://sec-184-gateway.com/microsoft/account/recover/confirm/index.html?user_id=82978&hash=372a0f06c8b8009e,1
http://166.94.190.154/coinbase/billing.php?token=369158,1
http://sec-506-gateway.rest/recover/support/paypal/confirm/index.html?user_id=87161&hash=bf26f23935f3ef95,1
http://login-coinbase-service.zip/credential?ref=58888,1
http://47.10.188.124/netflix/account.php?token=139782,1
http://banking.microsoft.meta.user-604.work/auth/step2,1
https://login-google-service.info/credential?ref=960284,1
http://confirm.coinbase.billing.user-983.club/auth/step2,1
http://banking.chase.update.user-297.site/auth/step2,1
http://sec-905-gateway.mov/support/bank/login/service/index.html?user_id=72466&hash=5e5e4a53c31352b7,1
http://signin.microsoft.wallet.user-958.kim/auth/step2,1
http://65.122.242.237/microsoft/auth.php?token=675153,1
http://sec-944-gateway.rest/netflix/service/support/bank/index.html?user_id=34495&hash=55c58a38a7999d57,1
http://47.8.4.231/binance/bank.php?token=395140,1
http://apple.coinbase.security.user-534.mov/auth/step2,1
http://tiny.cc/amazon_password_33,1
http://is.gd/paypal_support_82,1
http://185.194.235.90/coinbase/netflix.php?token=296199,1
http://buff.ly/apple_update_82,1
http://verify-binance-service.buzz/support?ref=625702,1
http://bc.vc/microsoft_billing_52,1
http://login.netflix.apple.user-933.org/auth/step2,1
http://shorturl.at/microsoft_apple_13,1
http://account-apple-service.cn/netflix?ref=141559,1
http://login-google-service.work/paypal?ref=847178,1
http://18.222.79.2/amazon/account.php?token=165685,1
http://secure-microsoft-service.ga/service?ref=986405,1
http://login.coinbase.google.user-435.click/auth/step2,1
http://147.223.149.51/netflix/signin.php?token=241843,1
http://sec-950-gateway.buzz/validation/netflix/security/banking/index.html?user_id=83005&hash=1c89567d6adab541,1
http://account-paypal-service.cf/update?ref=561427,1
https://account-chase-service.cn/update?ref=875026,1
http://sec-286-gateway.info/confirm/meta/google/password/index.html?user_id=21456&hash=ec7c74289ad74d13,1
http://is.gd/chase_pay_57,1
http://102.151.240.118/netflix/verify.php?token=915672,1
http://153.65.18.158/amazon/login.php?token=835521,1
http://support.microsoft.credential.user-348.buzz/auth/step2,1
https://secure-binance-service.zip/banking?ref=22844,1
http://102.90.171.26/apple/account.php?token=248793,1
http://banking.binance.security.user-325.gq/auth/step2,1
http://sec-651-gateway.buzz/confirm/paypal/pay/support/index.html?user_id=71853&hash=57cd69e14fe0e655,1
http://175.149.6.140/google/login.php?token=896220,1
http://shorturl.at/chase_update_56,1
http://billing.apple.service.user-860.tk/auth/step2,1
http://sec-288-gateway.xyz/apple/secure/update/support/index.html?user_id=26923&hash=61f0a4385217205,1
http://rb.gy/coinbase_validation_86,1
http://sec-331-gateway.icu/auth/meta/signin/secure/index.html?user_id=44026&hash=181d912f5de18e5d,1
http://sec-237-gateway.rest/service/account/password/meta/index.html?user_id=71530&hash=9f92f1a27fe700b9,1
http://120.225.28.203/chase/netflix.php?token=253662,1
https://sec-538-gateway.beauty/secure/password/security/login/index.html?user_id=47800&hash=96c47bfa9656f891,1
http://banking.chase.meta.user-147.work/auth/step2,1
http://215.66.204.178/google/validation.php?token=592575,1
http://ow.ly/apple_login_33,1
http://account.netflix.bank.user-327.cf/auth/step2,1
http://wallet.paypal.update.user-767.mov/auth/step2,1
http://bit.ly/amazon_signin_25,1
http://bit.ly/apple_microsoft_88,1
http://netflix.google.confirm.user-676.site/auth/step2,1
https://auth.chase.banking.user-246.tech/auth/step2,1
http://ow.ly/apple_microsoft_88,1
https://sec-405-gateway.website/google/billing/update/verify/index.html?user_id=20793&hash=4828fd6113f31bde,1
http://credential.netflix.signin.user-855.tech/auth/step2,1
https://verify-google-service.online/apple?ref=409436,1
http://update-coinbase-service.link/bank?ref=998508,1
http://bit.ly/netflix_apple_37,1
https://secure-binance-service.zip/auth?ref=434609,1
http://198.91.85.237/netflix/microsoft.php?token=832808,1
http://is.gd/chase_apple_79,1
http://sec-562-gateway.mov/banking/paypal/billing/meta/index.html?user_id=59302&hash=69648fcdacb56af,1
http://google.amazon.update.user-940.top/auth/step2,1
https://verify-chase-service.mov/account?ref=493677,1
https://account-netflix-service.cc/google?ref=652993,1
http://sec-280-gateway.mov/billing/banking/confirm/google/index.html?user_id=96366&hash=e09e6b110e11edc9,1
http://qr.ae/microsoft_wallet_70,1
http://account-binance-service.tk/paypal?ref=362659,1
http://sec-147-gateway.tk/banking/recover/update/credential/index.html?user_id=92466&hash=f9adaefc1ac92a23,1
http://104.79.55.5/chase/pay.php?token=275791,1
http://update.google.password.user-741.info/auth/step2,1
http://validation.coinbase.meta.user-404.tech/auth/step2,1
http://buff.ly/google_secure_11,1
http://173.43.86.135/binance/pay.php?token=180615,1
http://paypal.chase.password.user-706.click/auth/step2,1
http://sec-548-gateway.link/recover/secure/update/bank/index.html?user_id=37657&hash=3bffc863d4a72cec,1
https://auth.netflix.support.user-418.top/auth/step2,1
https://sec-830-gateway.online/update/password/validation/banking/index.html?user_id=44337&hash=c7fed6d2fc3591d0,1
http://security.chase.service.user-926.tk/auth/step2,1
https://password.apple.confirm.user-755.zip/auth/step2,1
http://t.co/binance_meta_55,1
https://auth.netflix.banking.user-899.rest/auth/step2,1
http://164.205.107.17/apple/support.php?token=364589,1
http://update-netflix-service.beauty/login?ref=126745,1
http://sec-538-gateway.ga/validation/service/security/banking/index.html?user_id=14674&hash=c2d2c03a3e56c975,1
http://bit.ly/paypal_security_39,1
https://update-paypal-service.work/password?ref=204790,1
http://179.210.230.2/apple/paypal.php?token=995658,1
http://58.94.79.225/binance/service.php?token=110593,1
http://102.5.61.67/coinbase/apple.php?token=226577,1
http://shorturl.at/binance_verify_55,1
http://sec-849-gateway.ml/paypal/microsoft/secure/bank/index.html?user_id=52227&hash=fc5b34a011b06f46,1
http://bit.ly/netflix_signin_90,1
http://tiny.cc/amazon_auth_67,1
http://155.25.13.50/amazon/apple.php?token=137721,1
https://signin.coinbase.login.user-191.tech/auth/step2,1
http://adf.ly/coinbase_meta_86,1
http://90.24.54.240/chase/login.php?token=578964,1
https://sec-150-gateway.kim/google/recover/credential/password/index.html?user_id=48706&hash=1db8b1672a324cc9,1
http://sec-649-gateway.site/service/update/secure/account/index.html?user_id=58683&hash=e1ef320c8f6dbdd6,1
https://sec-354-gateway.cn/update/netflix/support/confirm/index.html?user_id=87215&hash=544d065a6cc61555,1
http://tiny.cc/apple_signin_80,1
http://account.microsoft.signin.user-232.buzz/auth/step2,1
http://buff.ly/microsoft_auth_73,1
http://sec-679-gateway.monster/security/update/login/signin/index.html?user_id=86873&hash=3824be0c455d4a5d,1
http://verify.chase.billing.user-617.top/auth/step2,1
http://t.co/google_pay_63,1
http://auth.microsoft.auth.user-483.tech/auth/step2,1
http://bc.vc/microsoft_credential_71,1
https://service.paypal.secure.user-553.info/auth/step2,1
http://178.12.16.38/google/security.php?token=880517,1
http://shorturl.at/microsoft_meta_67,1
http://217.229.99.212/chase/apple.php?token=323337,1
https://secure.coinbase.signin.user-266.online/auth/step2,1
https://apple.microsoft.service.user-155.com/auth/step2,1
https://sec-239-gateway.click/signin/netflix/microsoft/apple/index.html?user_id=66838&hash=60f095b1abbd0140,1
http://auth.coinbase.banking.user-647.cf/auth/step2,1
http://40.184.164.8/amazon/update.php?token=625914,1
http://rb.gy/coinbase_security_40,1
http://123.151.51.94/binance/security.php?token=472722,1
https://confirm.chase.secure.user-249.kim/auth/step2,1
http://secure.amazon.security.user-786.rest/auth/step2,1
http://14.243.225.64/netflix/confirm.php?token=741265,1
http://login-netflix-service.cc/credential?ref=976252,1
http://login-apple-service.buzz/recover?ref=571432,1
http://15.194.16.65/netflix/netflix.php?token=576169,1
http://66.219.205.60/microsoft/service.php?token=964559,1
http://t.co/microsoft_bank_65,1
http://bit.do/amazon_bank_93,1
http://apple.coinbase.bank.user-299.cc/auth/step2,1
http://bit.ly/paypal_pay_46,1
https://verify-microsoft-service.gq/netflix?ref=731349,1
http://bit.do/microsoft_auth_92,1
http://support.chase.account.user-472.club/auth/step2,1
http://sec-654-gateway.site/paypal/meta/password/google/index.html?user_id=33254&hash=c858fd726f38ce13,1
http://cutt.ly/binance_confirm_38,1
https://sec-260-gateway.net/verify/credential/wallet/paypal/index.html?user_id=19329&hash=604e18fdef669b43,1
http://sec-332-gateway.beauty/signin/secure/update/paypal/index.html?user_id=64457&hash=ad9c413042a19e68,1
http://validation.netflix.update.user-465.site/auth/step2,1
http://buff.ly/binance_netflix_42,1
http://adf.ly/paypal_login_25,1
http://meta.amazon.netflix.user-113.tk/auth/step2,1
http://verify-paypal-service.link/password?ref=487354,1
https://bank.netflix.login.user-184.click/auth/step2,1
https://account-chase-service.click/bank?ref=697459,1
https://sec-294-gateway.top/signin/validation/microsoft/paypal/index.html?user_id=46471&hash=121cace328d62fd5,1
http://shorturl.at/microsoft_bank_33,1
http://sec-897-gateway.rest/google/recover/update/service/index.html?user_id=11148&hash=11ead45c98618bbe,1
https://billing.chase.banking.user-469.rest/auth/step2,1
http://banking.coinbase.verify.user-505.ga/auth/step2,1
https://sec-884-gateway.beauty/service/support/credential/meta/index.html?user_id=72535&hash=c8a357b90d4f88d8,1
http://sec-465-gateway.cc/billing/bank/auth/paypal/index.html?user_id=91393&hash=32de0b4695f6dd53,1
http://signin.netflix.microsoft.user-603.click/auth/step2,1
http://sec-860-gateway.tech/google/support/bank/meta/index.html?user_id=43624&hash=e9090ae334c5f03e,1
https://verify.microsoft.service.user-943.kim/auth/step2,1
https://account.microsoft.login.user-252.ml/auth/step2,1
http://sec-799-gateway.cn/paypal/banking/validation/pay/index.html?user_id=79980&hash=11ee3a158ffea512,1
https://confirm.netflix.netflix.user-542.fit/auth/step2,1
http://login-netflix-service.space/paypal?ref=875399,1
https://secure-coinbase-service.zip/secure?ref=328339,1
https://sec-187-gateway.space/update/google/meta/bank/index.html?user_id=16855&hash=3784c1df2e3de81e,1
https://sec-988-gateway.rest/service/verify/auth/validation/index.html?user_id=66778&hash=22304ea27f729921,1
http://sec-734-gateway.work/billing/pay/auth/confirm/index.html?user_id=57004&hash=ff0bac3add129a95,1
https://sec-406-gateway.net/secure/security/pay/billing/index.html?user_id=84305&hash=5d7bbebdb9f5b133,1
https://update-paypal-service.ga/pay?ref=529210,1
http://76.97.178.172/coinbase/billing.php?token=841736,1
http://shorturl.at/paypal_signin_40,1
http://rb.gy/netflix_meta_71,1
http://sec-920-gateway.net/paypal/security/bank/meta/index.html?user_id=93604&hash=5001211351fe3edd,1
https://sec-700-gateway.tk/netflix/pay/verify/banking/index.html?user_id=33497&hash=7c19e97f21aea98d,1
https://netflix.binance.secure.user-109.net/auth/step2,1
http://login-apple-service.org/support?ref=862861,1
http://qr.ae/paypal_microsoft_23,1
http://bc.vc/microsoft_recover_30,1
http://login.amazon.meta.user-856.site/auth/step2,1
https://sec-916-gateway.link/microsoft/wallet/verify/billing/index.html?user_id=77747&hash=da4ec0f2da2ecb8b,1
http://31.77.245.140/chase/update.php?token=518077,1
https://netflix.netflix.auth.user-566.com/auth/step2,1
http://login.binance.banking.user-774.ml/auth/step2,1
https://update-google-service.net/banking?ref=928107,1
http://sec-990-gateway.zip/wallet/netflix/update/billing/index.html?user_id=85076&hash=d19620be7ef5491a,1
https://verify-apple-service.fit/billing?ref=666187,1
http://14.98.165.87/microsoft/signin.php?token=424393,1
http://51.54.64.42/paypal/microsoft.php?token=192866,1
http://credential.coinbase.banking.user-739.ru/auth/step2,1
http://39.194.203.227/paypal/banking.php?token=615367,1
http://account-netflix-service.rest/confirm?ref=613895,1
https://verify-amazon-service.fit/microsoft?ref=811122,1
http://sec-245-gateway.net/verify/validation/google/auth/index.html?user_id=71742&hash=ae61d29578ece8cb,1
http://recover.microsoft.netflix.user-715.mov/auth/step2,1
http://202.165.173.110/microsoft/netflix.php?token=869286,1
https://verify-google-service.cc/security?ref=869095,1
http://sec-182-gateway.monster/billing/apple/auth/secure/index.html?user_id=29429&hash=f0742cc71613e579,1
http://sec-548-gateway.mov/netflix/confirm/verify/microsoft/index.html?user_id=42494&hash=9f07ce200eba5764,1
https://sec-984-gateway.buzz/netflix/pay/recover/auth/index.html?user_id=19639&hash=2ddb5c0052b38f05,1
http://40.99.31.204/apple/pay.php?token=384730,1
http://145.69.38.195/binance/billing.php?token=441899,1
http://9.82.159.168/chase/wallet.php?token=850640,1
http://190.11.73.164/binance/support.php?token=963737,1
https://billing.google.meta.user-525.click/auth/step2,1
http://109.75.251.165/binance/banking.php?token=323796,1
https://verify-apple-service.space/signin?ref=573793,1
https://netflix.chase.validation.user-892.cf/auth/step2,1
https://confirm.google.paypal.user-929.ru/auth/step2,1
http://56.198.23.30/coinbase/billing.php?token=759111,1
http://sec-475-gateway.beauty/update/confirm/password/pay/index.html?user_id=12855&hash=b896d32eb3681616,1
http://149.109.83.248/paypal/auth.php?token=170095,1
http://shorturl.at/amazon_auth_25,1
http://service.google.paypal.user-754.net/auth/step2,1
http://214.253.148.217/binance/password.php?token=619066,1
https://secure-microsoft-service.cc/confirm?ref=199385,1
http://sec-705-gateway.tech/recover/apple/banking/validation/index.html?user_id=59363&hash=5ce38222e9a272d7,1
http://login-paypal-service.monster/verify?ref=225940,1
http://34.81.28.221/apple/meta.php?token=421379,1
http://security.coinbase.secure.user-380.top/auth/step2,1
http://auth.netflix.meta.user-629.cn/auth/step2,1
http://ow.ly/microsoft_support_50,1
http://145.86.70.128/paypal/password.php?token=448566,1
https://sec-698-gateway.com/wallet/apple/confirm/meta/index.html?user_id=94302&hash=5c31edcfad8fec0,1
https://account.apple.paypal.user-314.rest/auth/step2,1
https://bank.apple.bank.user-509.space/auth/step2,1
http://t.co/netflix_security_32,1
http://service.apple.banking.user-418.best/auth/step2,1
https://netflix.microsoft.support.user-167.xyz/auth/step2,1
http://219.212.136.48/microsoft/credential.php?token=405661,1
http://ow.ly/google_support_27,1
https://sec-815-gateway.click/banking/validation/microsoft/security/index.html?user_id=95636&hash=b0a5fb9b232bc744,1
http://138.35.24.153/microsoft/netflix.php?token=631054,1
http://shorturl.at/paypal_meta_71,1
http://secure-google-service.website/microsoft?ref=11807,1
http://sec-875-gateway.mov/support/update/bank/netflix/index.html?user_id=18135&hash=915fe1de01cd98f7,1
http://214.47.125.28/coinbase/secure.php?token=386620,1
http://sec-127-gateway.ga/signin/account/password/google/index.html?user_id=84526&hash=c759a017ad97085b,1
http://80.96.86.228/apple/confirm.php?token=476355,1
http://sec-367-gateway.ru/service/support/billing/security/index.html?user_id=75659&hash=fb2e962244be7334,1
https://support.paypal.login.user-443.cf/auth/step2,1
http://94.220.133.143/coinbase/meta.php?token=518928,1
http://verify-chase-service.kim/wallet?ref=70730,1
http://sec-653-gateway.ru/update/signin/account/paypal/index.html?user_id=39614&hash=90ae0d8e3170b24f,1
https://secure-netflix-service.website/recover?ref=353182,1
https://login-netflix-service.cn/support?ref=395816,1
http://verify-coinbase-service.gq/service?ref=195996,1
https://sec-740-gateway.monster/banking/password/recover/microsoft/index.html?user_id=76541&hash=bd56d241e36b3c21,1
http://209.189.176.155/amazon/update.php?token=305591,1
http://secure.chase.account.user-322.online/auth/step2,1
http://bit.ly/google_login_96,1
http://banking.binance.verify.user-711.buzz/auth/step2,1
http://qr.ae/google_account_94,1
http://120.68.106.207/microsoft/wallet.php?token=751510,1
https://credential.paypal.auth.user-413.space/auth/step2,1
http://shorturl.at/paypal_auth_22,1
http://201.219.29.252/apple/netflix.php?token=545899,1
http://is.gd/paypal_banking_32,1
http://sec-666-gateway.beauty/login/wallet/google/banking/index.html?user_id=26966&hash=a705cf1a6b0135fa,1
http://meta.google.validation.user-430.monster/auth/step2,1
http://shorturl.at/chase_login_81,1
http://account.google.paypal.user-482.com/auth/step2,1
http://pay.coinbase.update.user-478.best/auth/step2,1
https://account-binance-service.best/meta?ref=428399,1
https://service.paypal.google.user-979.tech/auth/step2,1
https://confirm.amazon.credential.user-438.info/auth/step2,1
http://sec-554-gateway.net/account/bank/confirm/password/index.html?user_id=19044&hash=65e3da1da776b0c0,1
http://97.250.167.53/amazon/banking.php?token=328700,1
https://sec-363-gateway.site/password/netflix/recover/bank/index.html?user_id=74544&hash=71a4fa9c8c4d7f32,1
http://cutt.ly/paypal_auth_78,1
http://secure-microsoft-service.cn/google?ref=687754,1
http://sec-996-gateway.best/pay/confirm/apple/meta/index.html?user_id=36101&hash=6be3539792fd6dc7,1
http://ow.ly/amazon_secure_97,1
http://sec-244-gateway.fit/netflix/login/recover/microsoft/index.html?user_id=34080&hash=d132c483ab90b44b,1
http://bit.ly/amazon_wallet_99,1
http://tiny.cc/coinbase_confirm_69,1
http://secure-binance-service.icu/banking?ref=407857,1
https://meta.chase.microsoft.user-812.zip/auth/step2,1
http://adf.ly/google_security_64,1
http://buff.ly/microsoft_service_44,1
http://account-amazon-service.zip/netflix?ref=112783,1
http://40.246.93.179/microsoft/update.php?token=867901,1
http://sec-483-gateway.gq/bank/login/banking/billing/index.html?user_id=34275&hash=6c34b173f54db36,1
http://update-microsoft-service.cn/security?ref=507436,1
https://account-apple-service.website/service?ref=231644,1
http://recover.coinbase.meta.user-558.ru/auth/step2,1
http://sec-422-gateway.net/secure/login/password/account/index.html?user_id=56336&hash=1d81faeab6707ed1,1
http://rb.gy/apple_microsoft_95,1
http://tiny.cc/amazon_verify_44,1
https://sec-481-gateway.fit/auth/credential/wallet/secure/index.html?user_id=49286&hash=a7786fcd45eefadd,1
http://sec-812-gateway.ml/bank/paypal/meta/validation/index.html?user_id=91453&hash=e3a630855bd7d80c,1
https://login-amazon-service.website/auth?ref=269714,1
http://121.124.3.244/coinbase/banking.php?token=675416,1
http://sec-166-gateway.rest/recover/password/security/auth/index.html?user_id=91228&hash=36027bec40d495ba,1
http://paypal.apple.verify.user-872.xyz/auth/step2,1
http://paypal.coinbase.recover.user-741.link/auth/step2,1
http://login-coinbase-service.ml/update?ref=495541,1
http://update-amazon-service.work/microsoft?ref=263324,1
http://sec-639-gateway.online/apple/support/signin/login/index.html?user_id=39091&hash=498ba7b8ad5e67fc,1
http://adf.ly/chase_security_53,1
https://support.paypal.billing.user-120.org/auth/step2,1
http://196.49.21.239/paypal/bank.php?token=281664,1
http://credential.chase.billing.user-183.work/auth/step2,1
http://sec-761-gateway.info/apple/support/credential/account/index.html?user_id=49187&hash=b918cd6d21c39f82,1
http://qr.ae/binance_validation_90,1
https://signin.netflix.security.user-324.info/auth/step2,1
https://security.paypal.apple.user-487.tk/auth/step2,1
http://update-netflix-service.buzz/security?ref=564312,1
http://adf.ly/amazon_bank_61,1
http://shorturl.at/apple_validation_30,1
http://126.89.37.212/google/service.php?token=122391,1
https://service.paypal.billing.user-287.org/auth/step2,1
http://ow.ly/binance_google_13,1
http://account-coinbase-service.tech/microsoft?ref=968448,1
https://sec-787-gateway.club/account/verify/meta/paypal/index.html?user_id=45801&hash=a1d8e13271e30acd,1
http://sec-799-gateway.work/google/netflix/paypal/login/index.html?user_id=56407&hash=17d90328d3b339a5,1
http://support.google.security.user-871.ml/auth/step2,1
http://29.38.44.88/amazon/credential.php?token=464786,1
http://tiny.cc/paypal_verify_80,1
http://service.coinbase.secure.user-467.org/auth/step2,1
http://t.co/coinbase_pay_78,1
http://verify-amazon-service.icu/validation?ref=554321,1
http://account.chase.meta.user-564.link/auth/step2,1
http://verify-netflix-service.icu/validation?ref=830691,1
https://account.chase.confirm.user-976.xyz/auth/step2,1
http://179.51.146.51/netflix/service.php?token=748081,1
https://login-google-service.cn/update?ref=350942,1
http://139.239.168.141/chase/verify.php?token=680571,1
http://19.98.17.223/microsoft/google.php?token=436216,1
https://sec-608-gateway.tk/confirm/update/password/paypal/index.html?user_id=45624&hash=d12f7073e4eb5acf,1
https://signin.amazon.microsoft.user-117.net/auth/step2,1
http://39.36.86.146/apple/confirm.php?token=674767,1
http://198.192.247.110/chase/google.php?token=593379,1
http://sec-450-gateway.click/update/support/secure/confirm/index.html?user_id=97138&hash=2db11adf1e0aea99,1
http://213.126.254.26/google/auth.php?token=822425,1
https://recover.netflix.credential.user-515.fit/auth/step2,1
http://sec-622-gateway.website/security/confirm/wallet/auth/index.html?user_id=95886&hash=3a531c3c4bbfbd7a,1
http://buff.ly/chase_apple_76,1
http://qr.ae/apple_billing_59,1
http://bit.ly/chase_secure_85,1
http://paypal.binance.apple.user-377.xyz/auth/step2,1
http://101.85.109.78/netflix/account.php?token=416405,1
http://tinyurl.com/coinbase_microsoft_95,1
http://adf.ly/amazon_secure_92,1
https://secure-paypal-service.tk/apple?ref=109509,1
http://sec-340-gateway.icu/meta/pay/security/google/index.html?user_id=97141&hash=458d4e9a69411eef,1
http://auth.google.auth.user-293.monster/auth/step2,1
http://security.coinbase.bank.user-250.ga/auth/step2,1
http://55.157.197.112/microsoft/login.php?token=328374,1
https://sec-812-gateway.zip/credential/netflix/update/paypal/index.html?user_id=48032&hash=fe15eeb11dc4e48a,1
http://t.co/amazon_banking_46,1
http://60.49.18.155/binance/account.php?token=166599,1
http://auth.chase.apple.user-809.com/auth/step2,1
http://176.17.176.2/coinbase/service.php?token=321538,1
http://sec-218-gateway.club/update/paypal/credential/apple/index.html?user_id=29495&hash=5e84bf747c7488c2,1
http://support.chase.billing.user-412.ru/auth/step2,1
http://tinyurl.com/amazon_account_33,1
http://35.172.230.55/microsoft/meta.php?token=875692,1
http://bit.do/binance_billing_14,1
http://bit.do/microsoft_verify_10,1
http://sec-659-gateway.net/meta/login/apple/signin/index.html?user_id=71372&hash=28076224405d434b,1
http://qr.ae/microsoft_signin_91,1
http://bit.ly/amazon_update_66,1
http://75.207.237.173/microsoft/paypal.php?token=913414,1
http://signin.netflix.pay.user-738.beauty/auth/step2,1
http://203.7.149.221/netflix/secure.php?token=913720,1
http://verify-google-service.com/verify?ref=923716,1
http://sec-213-gateway.club/banking/meta/apple/security/index.html?user_id=90106&hash=32b4e7911840669a,1
http://ow.ly/apple_signin_15,1
https://sec-482-gateway.website/confirm/recover/apple/netflix/index.html?user_id=44279&hash=e4c15bd81234069b,1
http://143.36.142.37/amazon/auth.php?token=603176,1
http://secure-binance-service.beauty/paypal?ref=664228,1
http://netflix.coinbase.credential.user-295.com/auth/step2,1
http://signin.google.validation.user-669.ml/auth/step2,1
http://25.215.90.117/coinbase/netflix.php?token=400463,1
http://sec-636-gateway.top/netflix/wallet/account/recover/index.html?user_id=57724&hash=2e3915d4f71b1c9d,1
https://update-binance-service.mov/netflix?ref=561363,1
http://sec-912-gateway.link/wallet/auth/pay/password/index.html?user_id=47818&hash=c49d7308fce26865,1
http://rb.gy/chase_banking_55,1
http://64.66.55.186/paypal/account.php?token=520250,1
https://sec-716-gateway.mov/verify/billing/secure/microsoft/index.html?user_id=69616&hash=d4385b9d2da431f6,1
http://143.0.215.89/chase/confirm.php?token=791158,1
http://account-binance-service.top/security?ref=684738,1
http://sec-386-gateway.space/service/verify/netflix/login/index.html?user_id=49965&hash=f2a46ca1fff7b3d2,1
http://107.12.236.9/netflix/pay.php?token=623191,1
http://shorturl.at/amazon_pay_95,1
https://verify-amazon-service.kim/banking?ref=500177,1
http://recover.coinbase.billing.user-813.click/auth/step2,1
http://buff.ly/binance_login_47,1
http://212.152.34.32/binance/account.php?token=610799,1
http://sec-549-gateway.beauty/password/wallet/meta/recover/index.html?user_id=16111&hash=dec85a8612d87614,1
https://sec-825-gateway.click/recover/validation/service/verify/index.html?user_id=90088&hash=88b059887419e54b,1
http://bit.do/netflix_google_16,1
http://102.101.61.239/apple/credential.php?token=213724,1
http://tinyurl.com/microsoft_support_22,1
http://account.binance.microsoft.user-597.ga/auth/step2,1
http://is.gd/google_recover_27,1
http://credential.binance.recover.user-680.top/auth/step2,1
http://169.2.151.230/binance/apple.php?token=728611,1
http://password.coinbase.recover.user-152.top/auth/step2,1
http://sec-689-gateway.xyz/apple/google/support/netflix/index.html?user_id=52305&hash=246751db0b97f64c,1
https://sec-318-gateway.net/google/auth/bank/account/index.html?user_id=78492&hash=f5a8de2cef26b2a5,1
http://tinyurl.com/netflix_confirm_10,1
http://security.google.paypal.user-367.rest/auth/step2,1
http://secure-microsoft-service.org/credential?ref=943259,1
https://sec-784-gateway.com/banking/verify/netflix/confirm/index.html?user_id=48322&hash=22975830e51d6a52,1
http://17.10.253.98/microsoft/apple.php?token=743371,1
http://netflix.microsoft.verify.user-673.cc/auth/step2,1
https://pay.microsoft.netflix.user-445.cn/auth/step2,1
http://sec-265-gateway.xyz/banking/credential/signin/microsoft/index.html?user_id=97822&hash=3f7606c5d9ba4ac1,1
https://sec-352-gateway.info/apple/wallet/credential/netflix/index.html?user_id=33335&hash=165e8bfafe7dfaad,1
https://sec-723-gateway.space/password/billing/bank/credential/index.html?user_id=22013&hash=e10d087cc63c509,1
http://login-chase-service.kim/security?ref=527875,1
http://tinyurl.com/apple_auth_58,1
http://login-chase-service.tech/support?ref=473836,1
http://ow.ly/google_account_46,1
http://update-netflix-service.work/billing?ref=805980,1
http://shorturl.at/paypal_password_31,1
http://sec-222-gateway.top/paypal/google/account/billing/index.html?user_id=21908&hash=d235698e255c61c4,1
http://apple.amazon.meta.user-620.ga/auth/step2,1
http://tinyurl.com/binance_meta_58,1
http://cutt.ly/microsoft_support_22,1
http://48.115.98.136/chase/secure.php?token=127278,1
http://sec-629-gateway.ga/account/secure/bank/confirm/index.html?user_id=52630&hash=5691b9f372dc162f,1
http://sec-611-gateway.tk/auth/netflix/password/apple/index.html?user_id=23649&hash=ecdda25cfb69eb4a,1
https://microsoft.netflix.microsoft.user-827.work/auth/step2,1
http://186.162.128.68/microsoft/google.php?token=790922,1
http://verify-amazon-service.cn/google?ref=184478,1
http://sec-757-gateway.link/update/billing/netflix/credential/index.html?user_id=73061&hash=c5b210990a3cd4d1,1
http://verify-amazon-service.tech/update?ref=673837,1
http://apple.chase.security.user-867.fit/auth/step2,1
https://sec-265-gateway.online/microsoft/service/signin/security/index.html?user_id=95381&hash=6a88b9d61f6f2986,1
http://cutt.ly/apple_paypal_22,1
http://sec-388-gateway.online/google/banking/pay/service/index.html?user_id=42357&hash=ea79f1400d05403d,1
http://211.247.229.228/binance/secure.php?token=833216,1
http://172.156.46.252/chase/credential.php?token=261419,1
http://203.92.91.130/microsoft/pay.php?token=991928,1
http://password.coinbase.apple.user-150.fit/auth/step2,1
http://sec-274-gateway.top/signin/pay/update/microsoft/index.html?user_id=59663&hash=8ad3f6ab14b12808,1
http://paypal.paypal.confirm.user-805.work/auth/step2,1
https://sec-790-gateway.link/credential/signin/service/meta/index.html?user_id=73024&hash=a47d7f28b88dcd28,1
http://login-google-service.buzz/netflix?ref=589537,1
http://173.27.150.156/google/wallet.php?token=774614,1
http://adf.ly/amazon_pay_64,1
http://confirm.google.wallet.user-121.ml/auth/step2,1
http://login-apple-service.kim/meta?ref=888343,1
https://login.paypal.meta.user-670.fit/auth/step2,1
http://51.88.178.233/netflix/support.php?token=452759,1
http://177.248.21.219/paypal/paypal.php?token=275126,1
http://ow.ly/apple_secure_32,1
http://sec-183-gateway.online/netflix/apple/password/meta/index.html?user_id=14698&hash=331d55ac6f8f829b,1
http://199.50.152.196/microsoft/pay.php?token=829710,1
http://microsoft.paypal.support.user-149.best/auth/step2,1
http://114.202.96.157/apple/confirm.php?token=954222,1
http://t.co/coinbase_microsoft_94,1
https://sec-271-gateway.club/secure/auth/confirm/service/index.html?user_id=62749&hash=9f05170254625d72,1
http://login-coinbase-service.click/security?ref=89175,1
http://67.90.190.214/paypal/signin.php?token=339685,1
http://bank.netflix.confirm.user-756.fit/auth/step2,1
http://sec-998-gateway.org/security/wallet/verify/recover/index.html?user_id=45115&hash=6b98a3955683b950,1
https://login.paypal.bank.user-573.zip/auth/step2,1
http://65.81.60.46/binance/wallet.php?token=472857,1
http://92.121.32.161/apple/password.php?token=254364,1
https://security.netflix.credential.user-757.monster/auth/step2,1
https://sec-210-gateway.ga/account/pay/update/verify/index.html?user_id=83956&hash=6ab57bc08a84f1fe,1
http://billing.netflix.secure.user-122.work/auth/step2,1
http://rb.gy/apple_apple_64,1
http://167.194.27.118/binance/google.php?token=927501,1
http://account.binance.google.user-170.website/auth/step2,1
http://38.18.101.35/google/verify.php?token=906980,1
https://account-chase-service.website/pay?ref=83441,1
http://bit.do/amazon_pay_37,1
http://update-paypal-service.zip/banking?ref=343586,1
https://password.chase.billing.user-857.beauty/auth/step2,1
http://qr.ae/coinbase_password_45,1
http://verify-netflix-service.org/password?ref=189083,1
http://t.co/amazon_confirm_68,1
http://sec-292-gateway.cn/apple/microsoft/login/bank/index.html?user_id=71005&hash=d17ba8462aacf8d7,1
https://billing.amazon.microsoft.user-177.beauty/auth/step2,1
http://shorturl.at/coinbase_pay_15,1
https://bank.coinbase.service.user-363.link/auth/step2,1
http://qr.ae/coinbase_netflix_89,1
http://shorturl.at/microsoft_update_24,1
https://password.netflix.support.user-561.work/auth/step2,1
http://tiny.cc/netflix_login_34,1
http://adf.ly/google_service_66,1
http://billing.amazon.update.user-650.monster/auth/step2,1
http://141.51.46.9/paypal/pay.php?token=924699,1
http://tiny.cc/microsoft_billing_52,1
https://verify.apple.login.user-772.zip/auth/step2,1
http://cutt.ly/microsoft_validation_61,1
http://login-netflix-service.ml/signin?ref=317450,1
http://sec-270-gateway.work/netflix/login/support/password/index.html?user_id=86343&hash=c849fc94a900e52b,1
http://login-paypal-service.link/microsoft?ref=84351,1
http://bc.vc/binance_bank_50,1
http://bc.vc/coinbase_security_87,1
http://187.96.62.168/amazon/google.php?token=517448,1
http://buff.ly/google_validation_95,1
http://177.183.132.205/amazon/validation.php?token=844510,1
https://sec-860-gateway.net/support/secure/bank/auth/index.html?user_id=49726&hash=67623c6418868a4a,1
http://sec-993-gateway.top/apple/credential/pay/wallet/index.html?user_id=22537&hash=9fa2889f9674c17f,1
http://sec-329-gateway.work/secure/netflix/security/banking/index.html?user_id=24089&hash=dfb84b9d969180f7,1
https://google.coinbase.security.user-334.best/auth/step2,1
http://tiny.cc/paypal_confirm_90,1
http://secure-netflix-service.work/verify?ref=966998,1
http://recover.microsoft.netflix.user-104.icu/auth/step2,1
http://bank.google.paypal.user-559.work/auth/step2,1
https://secure-netflix-service.com/microsoft?ref=68850,1
http://19.74.20.42/chase/signin.php?token=639362,1
http://sec-454-gateway.icu/auth/credential/confirm/secure/index.html?user_id=23308&hash=ebff1da9080a34e6,1
https://update-amazon-service.kim/paypal?ref=794648,1
http://sec-241-gateway.online/apple/wallet/password/account/index.html?user_id=63123&hash=a3d2fc088fa0d6dc,1
https://paypal.binance.paypal.user-743.cn/auth/step2,1
http://t.co/google_account_65,1
http://adf.ly/coinbase_secure_19,1
http://133.178.99.212/microsoft/account.php?token=387708,1
http://secure-binance-service.tech/pay?ref=935953,1
https://sec-830-gateway.tech/confirm/bank/service/security/index.html?user_id=55689&hash=f06f5a968cc11b84,1
http://81.88.19.64/paypal/pay.php?token=331664,1
http://qr.ae/paypal_account_16,1
http://sec-749-gateway.ru/pay/netflix/banking/verify/index.html?user_id=96915&hash=1f0a8ffc624d6d12,1
http://login-amazon-service.tk/security?ref=251057,1
http://buff.ly/microsoft_pay_96,1
http://update-coinbase-service.net/auth?ref=422675,1
http://sec-526-gateway.top/microsoft/google/security/bank/index.html?user_id=78543&hash=c5f9456d48b2bada,1
http://recover.binance.validation.user-413.site/auth/step2,1
https://sec-958-gateway.cc/apple/service/microsoft/recover/index.html?user_id=87880&hash=764f643503bc3296,1
http://billing.amazon.billing.user-959.kim/auth/step2,1
http://132.29.99.178/amazon/confirm.php?token=851343,1
http://sec-269-gateway.tk/login/wallet/verify/secure/index.html?user_id=23145&hash=2a57deb51b9da79,1
http://bit.ly/chase_security_27,1
http://bit.ly/binance_microsoft_90,1
http://account.netflix.validation.user-553.club/auth/step2,1
http://bit.do/chase_google_31,1
http://google.binance.update.user-501.work/auth/step2,1
http://rb.gy/binance_update_90,1
http://support.google.password.user-828.best/auth/step2,1
http://confirm.coinbase.verify.user-135.beauty/auth/step2,1
http://48.83.81.190/apple/paypal.php?token=597272,1
http://credential.binance.microsoft.user-824.buzz/auth/step2,1
http://sec-884-gateway.xyz/banking/auth/credential/service/index.html?user_id=26963&hash=bdb1a2822336d039,1
http://tinyurl.com/google_service_80,1
http://tinyurl.com/chase_pay_13,1
http://sec-437-gateway.club/security/microsoft/recover/account/index.html?user_id=68317&hash=3873e483257856e2,1
http://41.169.71.164/microsoft/security.php?token=703657,1
http://secure-amazon-service.website/validation?ref=419013,1
http://account-google-service.kim/confirm?ref=625220,1
http://108.207.56.9/google/credential.php?token=565755,1
https://login-chase-service.cf/netflix?ref=462421,1
https://login-microsoft-service.fit/validation?ref=382808,1
https://account-apple-service.org/auth?ref=785510,1
http://security.coinbase.login.user-430.ml/auth/step2,1
https://sec-488-gateway.ml/banking/verify/billing/paypal/index.html?user_id=89368&hash=bc6b8a279d305db4,1
http://account-netflix-service.monster/account?ref=24549,1
http://shorturl.at/amazon_service_34,1
http://apple.google.wallet.user-784.online/auth/step2,1
http://201.147.104.89/apple/validation.php?token=381464,1
https://verify-netflix-service.icu/password?ref=75138,1
http://116.77.173.160/apple/billing.php?token=825144,1
http://update-netflix-service.fit/auth?ref=291321,1
http://sec-117-gateway.info/auth/update/bank/apple/index.html?user_id=79264&hash=62a25d89c716b09b,1
http://sec-162-gateway.kim/security/pay/support/password/index.html?user_id=44625&hash=2fbe22f07abb27fc,1
http://192.154.67.125/coinbase/signin.php?token=373638,1
https://account-apple-service.work/apple?ref=109905,1
http://86.222.245.104/apple/update.php?token=860800,1
https://login-chase-service.org/confirm?ref=549995,1
http://143.169.239.21/microsoft/google.php?token=441145,1
http://sec-747-gateway.top/account/credential/signin/security/index.html?user_id=57092&hash=9797544222b5069a,1
http://buff.ly/microsoft_account_69,1
http://29.232.7.245/coinbase/account.php?token=709909,1
http://102.251.102.22/netflix/billing.php?token=742710,1
http://buff.ly/paypal_meta_72,1
https://support.google.service.user-743.work/auth/step2,1
http://cutt.ly/chase_login_91,1
http://sec-176-gateway.tech/login/credential/confirm/verify/index.html?user_id=86246&hash=c5ba511e808dd08b,1
http://update-amazon-service.zip/verify?ref=655233,1
http://pay.coinbase.account.user-190.ru/auth/step2,1
http://security.apple.paypal.user-315.zip/auth/step2,1
https://login-google-service.beauty/account?ref=429066,1
http://sec-417-gateway.kim/google/auth/pay/apple/index.html?user_id=77945&hash=dc767ba1eacb36a3,1
http://sec-631-gateway.cn/security/support/validation/recover/index.html?user_id=83139&hash=5dd177331fc57019,1
http://ow.ly/binance_apple_66,1
http://rb.gy/coinbase_account_60,1
http://qr.ae/paypal_apple_37,1
http://200.178.249.79/binance/account.php?token=402410,1
http://187.27.136.81/binance/signin.php?token=509529,1
http://sec-894-gateway.website/banking/password/bank/support/index.html?user_id=58891&hash=c7244205ba778dc5,1
http://sec-181-gateway.space/netflix/secure/auth/password/index.html?user_id=68324&hash=a3c030bc656411b7,1
http://is.gd/chase_password_33,1
http://sec-353-gateway.net/google/recover/microsoft/update/index.html?user_id=57888&hash=a7bd5008d37b5b26,1
http://176.239.62.125/paypal/netflix.php?token=421002,1
https://pay.coinbase.secure.user-257.cn/auth/step2,1
http://bc.vc/google_verify_64,1
https://sec-204-gateway.zip/microsoft/confirm/pay/banking/index.html?user_id=96559&hash=f3419d711f42d044,1
http://75.29.199.239/paypal/support.php?token=818063,1
http://bit.do/coinbase_wallet_51,1
https://update-coinbase-service.online/verify?ref=64836,1
http://t.co/netflix_recover_13,1
http://sec-797-gateway.site/secure/billing/auth/security/index.html?user_id=88546&hash=391b81181d7e68fd,1
http://ow.ly/coinbase_wallet_21,1
http://google.amazon.security.user-224.monster/auth/step2,1
http://ow.ly/coinbase_service_66,1
http://46.157.22.211/microsoft/account.php?token=513628,1
http://service.microsoft.validation.user-576.ru/auth/step2,1
http://is.gd/google_bank_82,1
http://recover.paypal.security.user-964.link/auth/step2,1
http://t.co/microsoft_validation_94,1
http://146.51.93.91/paypal/account.php?token=808894,1
http://186.112.32.38/coinbase/google.php?token=362415,1
http://sec-835-gateway.click/service/auth/signin/apple/index.html?user_id=97057&hash=398691236afe0c82,1
http://167.113.18.209/netflix/verify.php?token=438227,1
http://account-binance-service.fit/support?ref=309124,1
http://bc.vc/paypal_account_99,1
http://verify-chase-service.ru/security?ref=873880,1
http://sec-167-gateway.fit/banking/login/security/account/index.html?user_id=93223&hash=9acbae412c7b951d,1
http://30.241.238.215/apple/account.php?token=451511,1
http://57.65.11.30/netflix/login.php?token=878633,1
http://26.193.14.95/paypal/apple.php?token=602047,1
http://bc.vc/binance_login_46,1
https://sec-447-gateway.best/bank/validation/verify/confirm/index.html?user_id=77111&hash=52990f55eaf9c3c6,1
http://sec-785-gateway.buzz/auth/password/verify/login/index.html?user_id=76101&hash=9bea78b34e08a3b3,1
http://rb.gy/netflix_signin_66,1
http://sec-284-gateway.site/service/auth/account/bank/index.html?user_id=15515&hash=817c49673d9fe899,1
http://sec-916-gateway.club/login/verify/wallet/confirm/index.html?user_id=58110&hash=b93ab914ce6faf78,1
http://cutt.ly/coinbase_pay_57,1
http://update-chase-service.ml/support?ref=71428,1
https://sec-363-gateway.gq/validation/password/account/service/index.html?user_id=84262&hash=38cdfbf1cf97c226,1
http://sec-104-gateway.gq/update/google/password/secure/index.html?user_id=56996&hash=ebf42ae426857c40,1
http://ow.ly/chase_credential_16,1
http://rb.gy/amazon_pay_73,1
http://114.178.208.139/microsoft/password.php?token=982691,1
http://74.92.74.216/coinbase/signin.php?token=325761,1
https://sec-750-gateway.ml/service/paypal/recover/netflix/index.html?user_id=13903&hash=5edfa8ed684de981,1
http://tinyurl.com/paypal_pay_25,1
http://account-coinbase-service.zip/meta?ref=190362,1
http://sec-977-gateway.tech/security/recover/billing/bank/index.html?user_id=96851&hash=525ba8a9d144f02b,1
http://secure-netflix-service.click/pay?ref=371974,1
http://credential.google.signin.user-564.zip/auth/step2,1
http://sec-126-gateway.ru/login/update/apple/support/index.html?user_id=64754&hash=1e933990604f6483,1
http://credential.paypal.validation.user-133.ru/auth/step2,1
http://129.196.223.31/google/secure.php?token=264109,1
http://bit.do/netflix_service_60,1
http://verify-chase-service.fit/login?ref=692296,1
https://password.google.banking.user-970.link/auth/step2,1
http://qr.ae/netflix_microsoft_65,1
http://banking.microsoft.account.user-177.cn/auth/step2,1
https://update-amazon-service.best/password?ref=284959,1
http://buff.ly/coinbase_credential_88,1
http://cutt.ly/apple_bank_66,1
http://support.binance.pay.user-422.info/auth/step2,1
http://login-paypal-service.ga/password?ref=842126,1
http://t.co/coinbase_netflix_13,1
http://sec-993-gateway.org/secure/banking/credential/pay/index.html?user_id=25987&hash=a92dcc54eb141932,1
http://netflix.amazon.validation.user-689.gq/auth/step2,1
http://sec-492-gateway.buzz/confirm/billing/auth/google/index.html?user_id=44754&hash=5886671f6e802606,1
http://rb.gy/microsoft_recover_64,1
http://login-apple-service.zip/auth?ref=295892,1
http://bc.vc/coinbase_confirm_99,1
http://account-binance-service.kim/verify?ref=210435,1
https://sec-954-gateway.click/paypal/bank/validation/meta/index.html?user_id=27048&hash=fb8f24de8b02e4e7,1
http://sec-265-gateway.work/pay/credential/service/recover/index.html?user_id=72139&hash=cc29858765710688,1
http://189.176.253.48/coinbase/recover.php?token=550926,1
http://pay.netflix.microsoft.user-788.ru/auth/step2,1
http://tiny.cc/microsoft_banking_45,1
http://tiny.cc/google_paypal_31,1
http://151.158.172.47/apple/confirm.php?token=470978,1
https://verify-microsoft-service.site/google?ref=184887,1
http://135.97.13.196/microsoft/service.php?token=448553,1
http://2.216.185.152/google/verify.php?token=823087,1
https://credential.binance.verify.user-903.kim/auth/step2,1
https://service.microsoft.paypal.user-316.kim/auth/step2,1
https://pay.microsoft.verify.user-127.ga/auth/step2,1
http://secure-coinbase-service.tk/microsoft?ref=707237,1
http://bank.chase.signin.user-395.com/auth/step2,1
http://banking.binance.bank.user-891.cn/auth/step2,1
http://is.gd/microsoft_account_44,1
http://sec-294-gateway.ga/netflix/meta/security/paypal/index.html?user_id=49512&hash=22d10d0ca6f52d7d,1
http://sec-887-gateway.kim/confirm/bank/recover/validation/index.html?user_id=70241&hash=84cf6985783ff6ff,1
http://cutt.ly/google_support_41,1
http://179.39.66.38/binance/security.php?token=439330,1
http://microsoft.amazon.credential.user-342.icu/auth/step2,1
http://sec-634-gateway.cc/credential/bank/confirm/banking/index.html?user_id=74436&hash=be0e88c95d076828,1
http://login-apple-service.cn/secure?ref=901707,1
http://adf.ly/amazon_confirm_53,1
http://shorturl.at/coinbase_credential_55,1
https://update-chase-service.info/validation?ref=786845,1
https://sec-289-gateway.tk/recover/security/auth/support/index.html?user_id=33918&hash=4f6a6a52c9abe9af,1
http://support.binance.verify.user-222.space/auth/step2,1
http://74.37.197.156/paypal/banking.php?token=569116,1
http://209.218.157.126/paypal/recover.php?token=495770,1
http://bit.do/google_login_22,1
https://account-chase-service.info/update?ref=359471,1
http://banking.netflix.bank.user-342.link/auth/step2,1
https://sec-320-gateway.space/account/security/meta/secure/index.html?user_id=51447&hash=a7e6162cfaf9231c,1
https://sec-484-gateway.cc/wallet/secure/microsoft/recover/index.html?user_id=94689&hash=2ca53adac57951ec,1
http://108.47.237.68/chase/security.php?token=165610,1
http://42.86.245.149/coinbase/pay.php?token=726887,1
http://210.17.142.141/amazon/password.php?token=858764,1
http://21.192.169.80/coinbase/secure.php?token=550476,1
http://ow.ly/amazon_update_86,1
http://bit.do/chase_netflix_43,1
https://sec-617-gateway.ru/netflix/pay/signin/login/index.html?user_id=24808&hash=742609ade06c4b08,1
http://sec-648-gateway.club/google/password/login/wallet/index.html?user_id=13638&hash=57e2113a506428fb,1
http://tiny.cc/microsoft_google_75,1
http://auth.amazon.paypal.user-915.rest/auth/step2,1
http://account-apple-service.kim/secure?ref=879644,1
http://verify-amazon-service.icu/signin?ref=521456,1
http://147.46.4.216/microsoft/recover.php?token=334356,1
http://48.112.68.81/binance/google.php?token=805322,1
https://login-chase-service.top/login?ref=877606,1
http://billing.binance.login.user-704.ru/auth/step2,1
http://secure-netflix-service.fit/security?ref=438756,1
http://secure-microsoft-service.top/pay?ref=843545,1
http://sec-181-gateway.cf/update/netflix/google/confirm/index.html?user_id=12047&hash=d58c9f05681c7f1,1
https://netflix.microsoft.confirm.user-819.best/auth/step2,1
http://bc.vc/chase_secure_91,1
http://sec-134-gateway.top/microsoft/meta/account/netflix/index.html?user_id=62285&hash=4f770cef97ce63d3,1
http://180.254.37.51/chase/apple.php?token=178081,1
http://130.41.216.112/chase/validation.php?token=320235,1
http://sec-445-gateway.net/confirm/security/credential/password/index.html?user_id=11962&hash=920b6f49ec86e4aa,1
https://apple.microsoft.google.user-537.space/auth/step2,1
https://google.chase.validation.user-888.cn/auth/step2,1
http://53.96.187.132/chase/paypal.php?token=406326,1
http://2.90.243.177/chase/billing.php?token=998458,1
http://tiny.cc/chase_billing_50,1
http://tiny.cc/binance_paypal_22,1
https://sec-938-gateway.space/recover/security/pay/netflix/index.html?user_id=15947&hash=6fd1b15bdfc868d,1
http://17.177.243.128/paypal/validation.php?token=570645,1
http://update-amazon-service.website/account?ref=835987,1
http://credential.microsoft.netflix.user-735.best/auth/step2,1
http://85.80.200.242/microsoft/apple.php?token=962547,1
http://ow.ly/binance_bank_24,1
http://verify-paypal-service.mov/banking?ref=734487,1
http://cutt.ly/google_validation_67,1
http://29.97.70.135/coinbase/google.php?token=109610,1
http://195.149.52.199/paypal/credential.php?token=293348,1
http://36.131.208.15/netflix/password.php?token=769505,1
http://8.167.150.168/google/password.php?token=723980,1
http://sec-274-gateway.rest/credential/confirm/netflix/secure/index.html?user_id=54792&hash=fbd34293544a06a4,1
http://sec-774-gateway.club/apple/wallet/support/netflix/index.html?user_id=78921&hash=e3c7a86e89a2fe44,1
https://account.netflix.google.user-819.gq/auth/step2,1
http://confirm.google.meta.user-334.mov/auth/step2,1
http://netflix.netflix.account.user-683.fit/auth/step2,1
http://wallet.paypal.secure.user-874.cc/auth/step2,1
http://tinyurl.com/chase_paypal_52,1
http://154.121.111.241/binance/billing.php?token=540697,1
http://118.8.36.158/netflix/login.php?token=247566,1
http://account.paypal.login.user-732.icu/auth/step2,1
http://206.215.204.55/chase/billing.php?token=822675,1
http://account-coinbase-service.tk/credential?ref=579942,1
http://cutt.ly/coinbase_google_11,1
http://paypal.chase.credential.user-753.site/auth/step2,1
http://28.122.224.99/paypal/recover.php?token=676365,1
https://account-amazon-service.ru/banking?ref=329012,1
http://29.243.154.121/chase/secure.php?token=379086,1
https://signin.coinbase.banking.user-584.ru/auth/step2,1
http://update-google-service.zip/paypal?ref=533233,1
https://sec-411-gateway.net/password/signin/wallet/microsoft/index.html?user_id=17895&hash=77a314b18048decd,1
http://rb.gy/apple_password_76,1
http://52.181.143.35/microsoft/secure.php?token=944574,1
http://qr.ae/paypal_signin_10,1
http://105.127.187.175/chase/meta.php?token=995619,1
http://google.coinbase.apple.user-372.kim/auth/step2,1
http://t.co/netflix_bank_72,1
http://shorturl.at/binance_auth_34,1
http://verify-paypal-service.tech/validation?ref=20632,1
http://shorturl.at/amazon_paypal_58,1
http://147.230.246.133/microsoft/pay.php?token=168495,1
http://validation.chase.pay.user-103.ml/auth/step2,1
https://update-microsoft-service.ga/password?ref=377586,1
http://update-apple-service.top/meta?ref=770746,1
http://account-binance-service.beauty/billing?ref=730530,1
http://186.175.87.94/paypal/login.php?token=752253,1
http://update-coinbase-service.beauty/pay?ref=191462,1
http://t.co/binance_security_64,1
http://220.80.20.45/netflix/pay.php?token=407393,1
https://account-chase-service.org/microsoft?ref=111892,1
http://sec-882-gateway.cn/validation/confirm/service/signin/index.html?user_id=78507&hash=2153cdbbe8d44779,1
http://17.165.224.35/chase/microsoft.php?token=492388,1
http://bank.amazon.confirm.user-914.mov/auth/step2,1
http://bit.ly/google_service_69,1
http://bc.vc/netflix_confirm_71,1
https://sec-641-gateway.website/paypal/billing/recover/password/index.html?user_id=62902&hash=384c8f48c284ebf2,1
https://sec-503-gateway.xyz/google/signin/pay/netflix/index.html?user_id=11848&hash=54f4b5771928f956,1
http://15.102.67.177/netflix/microsoft.php?token=731516,1
http://132.200.38.243/amazon/security.php?token=692027,1
https://sec-187-gateway.xyz/security/meta/paypal/confirm/index.html?user_id=38142&hash=f69e5234be2534d8,1
http://billing.chase.signin.user-658.cf/auth/step2,1
http://tinyurl.com/coinbase_credential_32,1
https://security.chase.google.user-892.ml/auth/step2,1
http://is.gd/google_account_15,1
http://google.paypal.support.user-414.kim/auth/step2,1
https://sec-118-gateway.click/billing/wallet/validation/service/index.html?user_id=99695&hash=b5f04520faf0f540,1
http://verify-apple-service.com/security?ref=600777,1
http://pay.apple.auth.user-982.click/auth/step2,1
http://tinyurl.com/binance_apple_51,1
https://google.apple.wallet.user-247.space/auth/step2,1
https://account-google-service.tech/login?ref=596578,1
https://sec-298-gateway.rest/login/netflix/recover/paypal/index.html?user_id=96060&hash=5b94febbcf8b58c8,1
http://login-amazon-service.ml/apple?ref=895011,1
http://114.3.158.244/apple/meta.php?token=928319,1
http://secure-google-service.cc/password?ref=226182,1
http://sec-111-gateway.top/login/auth/bank/meta/index.html?user_id=88812&hash=69be0676492b5947,1
http://shorturl.at/apple_login_20,1
http://support.paypal.update.user-577.info/auth/step2,1
http://verify-google-service.work/account?ref=147230,1
http://microsoft.binance.credential.user-834.org/auth/step2,1
http://sec-439-gateway.com/recover/validation/wallet/netflix/index.html?user_id=76008&hash=4c40c30087ff983,1
http://buff.ly/binance_banking_75,1
http://secure-coinbase-service.tech/pay?ref=415675,1
http://sec-939-gateway.gq/recover/secure/netflix/meta/index.html?user_id=92703&hash=75d5d5f8f920298f,1
http://rb.gy/binance_account_86,1
http://sec-397-gateway.rest/update/account/password/meta/index.html?user_id=79140&hash=86fc26c735be6b4,1
http://sec-444-gateway.cc/billing/security/confirm/secure/index.html?user_id=73601&hash=427d541e91eb2d3,1
http://144.83.246.211/amazon/support.php?token=918977,1
http://141.179.0.63/coinbase/google.php?token=359360,1
http://secure-amazon-service.website/recover?ref=606264,1
http://56.210.42.190/google/verify.php?token=303553,1
http://tinyurl.com/amazon_validation_28,1
http://11.168.21.151/microsoft/login.php?token=441558,1
http://update-apple-service.fit/meta?ref=45565,1
http://password.microsoft.auth.user-125.site/auth/step2,1
http://sec-358-gateway.link/account/billing/pay/verify/index.html?user_id=16156&hash=cdb21ab6e0aab38a,1
https://password.netflix.meta.user-581.xyz/auth/step2,1
http://ow.ly/binance_validation_17,1
http://217.61.177.91/google/account.php?token=311236,1
http://validation.chase.apple.user-187.zip/auth/step2,1
http://secure-netflix-service.work/update?ref=638537,1
http://buff.ly/paypal_auth_51,1
https://sec-730-gateway.xyz/credential/wallet/login/support/index.html?user_id=29502&hash=b6b0a82bde40d1d1,1
https://secure-amazon-service.beauty/account?ref=661532,1
http://buff.ly/coinbase_banking_61,1
http://bc.vc/apple_auth_94,1
http://billing.google.bank.user-251.beauty/auth/step2,1
http://login-paypal-service.net/confirm?ref=265009,1
https://sec-382-gateway.mov/secure/account/pay/banking/index.html?user_id=79427&hash=135fbe45404bb689,1
http://billing.binance.wallet.user-668.com/auth/step2,1
http://is.gd/amazon_update_89,1
https://secure-chase-service.ga/support?ref=286918,1
http://t.co/netflix_banking_27,1
https://microsoft.paypal.bank.user-685.org/auth/step2,1
http://bc.vc/binance_verify_19,1
http://cutt.ly/apple_signin_73,1
http://is.gd/microsoft_password_60,1
https://login.chase.wallet.user-255.cn/auth/step2,1
http://adf.ly/google_confirm_51,1
http://120.177.186.221/apple/security.php?token=602669,1
http://44.227.246.98/binance/validation.php?token=405468,1
https://verify-binance-service.info/password?ref=35686,1
http://login-coinbase-service.zip/support?ref=579403,1
http://sec-345-gateway.tk/account/password/login/microsoft/index.html?user_id=51542&hash=9f04dcb113bbe4ae,1
http://82.5.74.123/google/bank.php?token=451044,1
http://65.233.107.13/binance/password.php?token=340456,1
https://service.chase.apple.user-504.fit/auth/step2,1
http://203.89.177.199/binance/microsoft.php?token=641116,1
https://account-paypal-service.cc/confirm?ref=99327,1
http://microsoft.amazon.secure.user-302.ml/auth/step2,1
https://confirm.binance.credential.user-375.rest/auth/step2,1
https://paypal.chase.signin.user-592.monster/auth/step2,1
http://update-amazon-service.click/validation?ref=934441,1
http://tinyurl.com/binance_signin_62,1
http://verify-amazon-service.work/service?ref=533150,1
http://sec-855-gateway.ru/credential/paypal/support/login/index.html?user_id=72811&hash=744cf8d663e380a3,1
http://sec-538-gateway.click/auth/password/service/login/index.html?user_id=30209&hash=39745758d957344e,1
http://t.co/microsoft_bank_53,1
http://login.coinbase.confirm.user-611.rest/auth/step2,1
http://sec-283-gateway.cn/security/netflix/pay/wallet/index.html?user_id=88746&hash=2d9d1e5d90d25985,1
http://sec-825-gateway.ml/pay/confirm/security/login/index.html?user_id=45863&hash=a95d1e5f6d1ad705,1
http://tiny.cc/microsoft_netflix_90,1
https://sec-976-gateway.buzz/signin/login/secure/confirm/index.html?user_id=45556&hash=2a35863736bd2651,1
http://login-netflix-service.ga/password?ref=835841,1
http://google.apple.paypal.user-777.rest/auth/step2,1
http://196.15.184.28/google/signin.php?token=970252,1
http://verify-chase-service.cf/password?ref=147503,1
http://sec-871-gateway.cf/service/secure/recover/update/index.html?user_id=40098&hash=eb9acadf4664964d,1
http://update-netflix-service.cf/netflix?ref=744804,1
http://sec-965-gateway.click/credential/pay/recover/secure/index.html?user_id=56942&hash=32fb27bf6a3651be,1
http://cutt.ly/binance_secure_90,1
http://42.159.199.137/paypal/netflix.php?token=466732,1
http://153.92.186.233/coinbase/confirm.php?token=216140,1
http://197.33.149.50/microsoft/update.php?token=242174,1
http://sec-446-gateway.top/password/banking/signin/verify/index.html?user_id=42488&hash=9015758c7d0e10a5,1
http://sec-607-gateway.zip/apple/recover/login/update/index.html?user_id=39835&hash=3733f363e025c393,1
http://microsoft.microsoft.google.user-305.best/auth/step2,1
http://bc.vc/netflix_validation_21,1
http://ow.ly/apple_service_74,1
http://sec-304-gateway.online/wallet/credential/password/google/index.html?user_id=91805&hash=1419c7b885076088,1
http://qr.ae/apple_security_72,1
http://sec-556-gateway.com/recover/account/wallet/support/index.html?user_id=47123&hash=fdc37d5bee099b3b,1
https://sec-255-gateway.buzz/banking/credential/bank/confirm/index.html?user_id=26415&hash=ff1ed34f45a76144,1
https://sec-432-gateway.link/confirm/google/account/validation/index.html?user_id=80920&hash=8b0d947b12042fee,1
http://sec-827-gateway.site/update/account/google/verify/index.html?user_id=98612&hash=45d19503765d8a96,1
https://sec-116-gateway.cn/support/banking/billing/microsoft/index.html?user_id=64603&hash=f242db53988428e8,1
http://login-apple-service.link/banking?ref=906829,1
https://verify-coinbase-service.link/paypal?ref=97136,1
http://account-amazon-service.info/security?ref=690739,1
https://sec-737-gateway.website/verify/bank/wallet/recover/index.html?user_id=33530&hash=344abe57ce02a7ef,1
http://154.119.44.61/amazon/google.php?token=470791,1
http://sec-794-gateway.click/meta/apple/pay/account/index.html?user_id=28687&hash=4c91997717f0d2b0,1
https://signin.binance.confirm.user-700.net/auth/step2,1
http://sec-198-gateway.kim/netflix/pay/service/auth/index.html?user_id=16784&hash=e8cde4ee591828da,1
http://sec-345-gateway.online/confirm/service/banking/login/index.html?user_id=36057&hash=978f94cd437772de,1
http://176.113.183.166/amazon/password.php?token=431661,1
http://sec-136-gateway.work/bank/apple/secure/validation/index.html?user_id=38754&hash=96c49980dd79d09a,1
http://update-chase-service.cf/recover?ref=515275,1
http://sec-541-gateway.fit/pay/signin/password/banking/index.html?user_id=50953&hash=f3632c847ec84a02,1
http://pay.chase.auth.user-120.buzz/auth/step2,1
http://sec-510-gateway.info/billing/recover/bank/netflix/index.html?user_id=54974&hash=8d0294d7d287a2ae,1
https://sec-924-gateway.top/billing/signin/pay/google/index.html?user_id=78157&hash=bddd5aa8d224221d,1
https://account-amazon-service.gq/bank?ref=847574,1
http://verify-netflix-service.monster/verify?ref=615917,1
http://187.49.151.128/netflix/banking.php?token=381218,1
https://login-google-service.tk/login?ref=181786,1
https://bank.coinbase.confirm.user-712.club/auth/step2,1
http://tinyurl.com/microsoft_google_94,1
http://158.15.143.112/apple/service.php?token=406749,1
http://account-netflix-service.zip/billing?ref=584703,1
https://sec-532-gateway.buzz/verify/meta/signin/netflix/index.html?user_id=91769&hash=d184c92cb16a0869,1
http://sec-406-gateway.website/microsoft/confirm/verify/bank/index.html?user_id=65530&hash=d33d8d824af25e94,1
http://108.190.3.87/netflix/signin.php?token=269526,1
http://175.178.49.242/binance/microsoft.php?token=437656,1
http://t.co/google_login_90,1
http://verify.apple.banking.user-528.buzz/auth/step2,1
http://account-binance-service.info/login?ref=431638,1
http://sec-352-gateway.best/bank/billing/login/paypal/index.html?user_id=53943&hash=b9200896767e5318,1
http://meta.microsoft.signin.user-911.link/auth/step2,1
http://buff.ly/netflix_paypal_32,1
http://meta.apple.credential.user-515.kim/auth/step2,1
http://215.160.223.30/microsoft/service.php?token=324701,1
https://sec-319-gateway.beauty/signin/service/pay/security/index.html?user_id=99368&hash=2c2fc0f7a5b3df16,1
http://netflix.binance.password.user-289.rest/auth/step2,1
http://tinyurl.com/coinbase_recover_83,1
http://207.204.132.83/coinbase/google.php?token=952485,1
http://ow.ly/google_password_69,1
https://paypal.netflix.signin.user-254.space/auth/step2,1
http://14.232.52.131/netflix/validation.php?token=412053,1
http://pay.chase.secure.user-538.fit/auth/step2,1
https://sec-613-gateway.ru/account/pay/password/banking/index.html?user_id=60202&hash=dfb81e5fc2f8d94d,1
http://sec-167-gateway.gq/security/google/billing/meta/index.html?user_id=19813&hash=d107d7643ce2b22c,1
http://sec-831-gateway.link/password/verify/update/signin/index.html?user_id=80748&hash=c3a12858e51d4f2,1
https://billing.chase.paypal.user-656.best/auth/step2,1
http://adf.ly/coinbase_microsoft_31,1
http://109.18.71.129/amazon/meta.php?token=962871,1
https://recover.netflix.update.user-301.com/auth/step2,1
http://sec-478-gateway.icu/secure/google/support/account/index.html?user_id=41215&hash=7809e7aa85e64b5,1
https://microsoft.amazon.google.user-641.beauty/auth/step2,1
http://update-coinbase-service.net/meta?ref=249064,1
https://sec-465-gateway.click/signin/microsoft/support/paypal/index.html?user_id=92922&hash=4de1aad861e83fc0,1
http://t.co/chase_banking_10,1
http://sec-530-gateway.top/password/google/microsoft/signin/index.html?user_id=85937&hash=d10688b82da5d1cf,1
http://update.paypal.secure.user-743.ml/auth/step2,1
http://rb.gy/apple_account_82,1
http://sec-921-gateway.site/account/security/pay/bank/index.html?user_id=91761&hash=75d7e6aaba2ed42c,1
http://account.paypal.confirm.user-678.rest/auth/step2,1
http://ow.ly/amazon_credential_42,1
https://sec-572-gateway.tech/signin/google/banking/password/index.html?user_id=21147&hash=7c141997fc0e02c6,1
https://login-microsoft-service.monster/security?ref=339505,1
http://87.143.233.75/netflix/paypal.php?token=574747,1
https://banking.netflix.password.user-553.com/auth/step2,1
https://account-google-service.ml/pay?ref=811235,1
http://cutt.ly/chase_login_79,1
https://bank.binance.secure.user-743.kim/auth/step2,1
http://update-google-service.ru/credential?ref=867930,1
http://secure-apple-service.buzz/password?ref=58391,1
http://paypal.apple.update.user-421.ga/auth/step2,1
https://account.netflix.meta.user-522.buzz/auth/step2,1
http://sec-420-gateway.fit/service/update/auth/confirm/index.html?user_id=44694&hash=b015c4276e8e60ec,1
http://password.paypal.bank.user-675.tech/auth/step2,1
http://qr.ae/chase_signin_29,1
http://ow.ly/microsoft_login_99,1
http://105.11.25.226/amazon/credential.php?token=153633,1
http://is.gd/apple_banking_90,1
http://223.163.4.27/coinbase/meta.php?token=781271,1
http://login-chase-service.link/support?ref=856795,1
http://verify.netflix.banking.user-206.monster/auth/step2,1
https://update-microsoft-service.online/wallet?ref=225993,1
http://verify-amazon-service.tk/validation?ref=449638,1
http://login-google-service.zip/wallet?ref=652750,1
http://adf.ly/amazon_paypal_80,1
http://sec-521-gateway.ga/update/bank/service/credential/index.html?user_id=88793&hash=6ad7b4dfadc52e44,1
http://bc.vc/chase_meta_24,1
http://cutt.ly/paypal_credential_44,1
http://sec-858-gateway.ru/google/update/recover/banking/index.html?user_id=40894&hash=15e18ad46cc393bc,1
http://netflix.amazon.service.user-282.icu/auth/step2,1
http://update-coinbase-service.cc/update?ref=441201,1
http://173.200.69.76/netflix/confirm.php?token=982635,1
http://sec-170-gateway.click/validation/meta/billing/login/index.html?user_id=31314&hash=403891491b31af3e,1
http://ow.ly/binance_wallet_40,1
http://tiny.cc/paypal_secure_58,1
https://pay.apple.meta.user-817.rest/auth/step2,1
http://buff.ly/netflix_banking_91,1
http://verify.paypal.pay.user-814.tech/auth/step2,1
http://15.62.244.148/netflix/verify.php?token=415064,1
http://ow.ly/coinbase_microsoft_88,1
http://bc.vc/chase_support_72,1
http://tiny.cc/paypal_google_29,1
http://secure-amazon-service.zip/bank?ref=463392,1
https://auth.amazon.banking.user-858.online/auth/step2,1
http://t.co/google_apple_85,1
https://update-microsoft-service.zip/bank?ref=313383,1
https://secure-microsoft-service.fit/support?ref=250820,1
http://tinyurl.com/chase_support_10,1
http://sec-505-gateway.link/google/meta/verify/microsoft/index.html?user_id=61367&hash=c0ec416487e12c3c,1
https://sec-522-gateway.cc/update/auth/bank/recover/index.html?user_id=57387&hash=f7b110c064ded98b,1
http://buff.ly/netflix_account_69,1
http://secure.microsoft.pay.user-471.link/auth/step2,1
http://t.co/netflix_verify_44,1
https://account-coinbase-service.zip/paypal?ref=53638,1
http://apple.amazon.auth.user-121.cf/auth/step2,1
http://bit.ly/amazon_auth_42,1
http://sec-647-gateway.fit/google/secure/update/confirm/index.html?user_id=35928&hash=13d858a32cb66217,1
http://t.co/microsoft_update_20,1
http://verify-google-service.xyz/pay?ref=986967,1
https://sec-886-gateway.work/credential/pay/meta/recover/index.html?user_id=51494&hash=9515f26c45c38097,1
http://sec-700-gateway.club/service/support/credential/password/index.html?user_id=41734&hash=cc96fdabcb91bed3,1
http://secure-binance-service.zip/verify?ref=239054,1
https://sec-943-gateway.club/confirm/paypal/recover/pay/index.html?user_id=93795&hash=9ac5fd918a584f73,1
http://sec-171-gateway.space/service/google/microsoft/account/index.html?user_id=12872&hash=834dea4a1df0a6a5,1
http://login-paypal-service.cn/billing?ref=167408,1
http://sec-238-gateway.gq/verify/support/secure/netflix/index.html?user_id=17666&hash=ea2e9e468d4d9b34,1
http://129.138.130.1/apple/wallet.php?token=696785,1
http://ow.ly/coinbase_credential_36,1
https://verify-apple-service.tk/auth?ref=984083,1
http://sec-388-gateway.top/recover/microsoft/confirm/update/index.html?user_id=12919&hash=4f5194f0b41f1d90,1
http://93.181.218.64/coinbase/secure.php?token=887221,1
http://t.co/microsoft_verify_44,1
http://sec-417-gateway.com/support/auth/credential/security/index.html?user_id=16355&hash=ca4c0f56ced76ef6,1
http://198.83.113.134/chase/recover.php?token=835495,1
http://bit.ly/microsoft_paypal_43,1
https://bank.google.paypal.user-301.space/auth/step2,1
http://90.34.137.134/apple/service.php?token=103899,1
http://sec-307-gateway.site/recover/verify/security/netflix/index.html?user_id=88985&hash=fa7b1b941a5f95d,1
http://verify-netflix-service.club/paypal?ref=61650,1
http://19.224.124.216/google/confirm.php?token=156728,1
http://shorturl.at/amazon_microsoft_25,1
http://buff.ly/microsoft_verify_45,1
http://pay.paypal.meta.user-327.tech/auth/step2,1
https://secure-netflix-service.website/update?ref=220578,1
http://service.coinbase.confirm.user-440.site/auth/step2,1
http://sec-168-gateway.ru/bank/support/google/apple/index.html?user_id=11525&hash=3d00e56088411e6b,1
http://secure-microsoft-service.ga/confirm?ref=515674,1
http://ow.ly/google_validation_69,1
http://confirm.chase.paypal.user-934.monster/auth/step2,1
http://service.coinbase.support.user-125.ga/auth/step2,1
http://sec-482-gateway.click/netflix/auth/update/security/index.html?user_id=65935&hash=29de76db5b0a566a,1
http://39.210.189.205/chase/microsoft.php?token=123319,1
http://qr.ae/chase_wallet_52,1
http://sec-846-gateway.cn/password/secure/update/apple/index.html?user_id=94374&hash=c80ee727f44d85e3,1
http://123.234.254.41/amazon/secure.php?token=526993,1
http://meta.chase.netflix.user-261.club/auth/step2,1
http://68.103.245.66/google/recover.php?token=432945,1
http://80.160.230.6/chase/pay.php?token=318408,1
http://secure-amazon-service.space/meta?ref=856227,1
http://update-chase-service.gq/secure?ref=128020,1
http://tinyurl.com/binance_security_27,1
http://apple.apple.billing.user-771.gq/auth/step2,1
http://update.apple.netflix.user-670.fit/auth/step2,1
https://sec-412-gateway.cn/paypal/service/microsoft/pay/index.html?user_id=86721&hash=41eccb0930141991,1
http://194.83.219.114/netflix/recover.php?token=306570,1
http://update-amazon-service.com/microsoft?ref=540753,1
https://support.microsoft.service.user-537.space/auth/step2,1
http://bit.ly/coinbase_auth_86,1
https://sec-530-gateway.beauty/pay/credential/wallet/password/index.html?user_id=29927&hash=99bebb83a147e7d0,1
https://account-binance-service.space/password?ref=641304,1
http://is.gd/microsoft_verify_83,1
https://secure-google-service.net/support?ref=731268,1
http://verify-binance-service.fit/banking?ref=20432,1
http://13.110.232.156/chase/signin.php?token=308360,1
http://ow.ly/amazon_credential_66,1
http://143.0.167.145/apple/update.php?token=829820,1
https://secure.apple.credential.user-618.ga/auth/step2,1
http://secure-microsoft-service.link/security?ref=511169,1
http://update-apple-service.icu/microsoft?ref=482471,1
http://sec-754-gateway.xyz/support/confirm/apple/security/index.html?user_id=98882&hash=75becbb64a79ff3a,1
http://188.252.180.161/google/netflix.php?token=233636,1
http://123.130.192.231/microsoft/service.php?token=402402,1
http://sec-923-gateway.website/bank/support/paypal/validation/index.html?user_id=88389&hash=182ab4670c9ffad9,1
http://secure-binance-service.zip/verify?ref=332341,1
https://sec-129-gateway.rest/auth/banking/bank/apple/index.html?user_id=78995&hash=57791c66eee6c6,1
http://shorturl.at/google_netflix_29,1
http://sec-962-gateway.tk/billing/paypal/bank/auth/index.html?user_id=73617&hash=d5473947b8f60b90,1
http://sec-246-gateway.ru/meta/billing/credential/banking/index.html?user_id=29870&hash=d6f73cf5d591b0bf,1
http://credential.chase.account.user-864.website/auth/step2,1
https://sec-548-gateway.ru/banking/netflix/wallet/microsoft/index.html?user_id=53078&hash=9b6930da5a1d264c,1
http://sec-250-gateway.link/netflix/google/verify/service/index.html?user_id=70074&hash=8d82b8fbe73a8bd1,1
http://secure-chase-service.website/verify?ref=332173,1
http://account-netflix-service.tech/signin?ref=972531,1
http://sec-148-gateway.cn/security/update/service/login/index.html?user_id=56915&hash=20811be2f2653970,1
http://verify-chase-service.work/validation?ref=159118,1
http://login-paypal-service.org/confirm?ref=759415,1
http://secure.google.netflix.user-303.best/auth/step2,1
http://202.72.113.92/paypal/signin.php?token=394005,1
http://sec-794-gateway.top/validation/google/netflix/billing/index.html?user_id=51028&hash=3b93f0cd1349c34,1
https://signin.chase.bank.user-387.space/auth/step2,1
http://security.apple.billing.user-657.ru/auth/step2,1
http://update.google.wallet.user-217.xyz/auth/step2,1
http://sec-285-gateway.info/password/credential/recover/microsoft/index.html?user_id=92405&hash=b3cf10d3aad5ff3c,1
http://shorturl.at/google_wallet_35,1
http://sec-472-gateway.website/microsoft/apple/signin/netflix/index.html?user_id=61156&hash=da20dabf645b42c5,1
https://sec-537-gateway.click/confirm/bank/verify/update/index.html?user_id=75898&hash=6533427b4191139a,1
http://tiny.cc/amazon_service_22,1
http://paypal.apple.password.user-462.icu/auth/step2,1
http://secure-apple-service.click/microsoft?ref=266685,1
http://meta.microsoft.microsoft.user-866.kim/auth/step2,1
https://google.coinbase.confirm.user-199.zip/auth/step2,1
http://update-microsoft-service.top/signin?ref=77368,1
https://sec-474-gateway.cf/account/support/validation/confirm/index.html?user_id=23681&hash=a6136f70001e8599,1
http://223.44.239.143/apple/password.php?token=927521,1
http://122.218.29.240/chase/login.php?token=456646,1
http://170.180.20.27/google/microsoft.php?token=226652,1
http://3.162.240.251/microsoft/bank.php?token=145891,1
http://bank.netflix.apple.user-645.work/auth/step2,1
http://support.microsoft.wallet.user-361.tk/auth/step2,1
http://recover.google.auth.user-178.website/auth/step2,1
http://validation.binance.security.user-509.link/auth/step2,1
http://service.chase.bank.user-820.club/auth/step2,1
http://sec-963-gateway.icu/verify/paypal/auth/billing/index.html?user_id=45223&hash=1bc72d91f691efaa,1
http://banking.binance.billing.user-513.ga/auth/step2,1
http://sec-406-gateway.icu/service/verify/confirm/apple/index.html?user_id=94679&hash=db5685d2a5eca33a,1
http://t.co/chase_verify_26,1
http://account-google-service.website/credential?ref=184230,1
https://secure-amazon-service.tk/recover?ref=562165,1
https://sec-375-gateway.club/bank/meta/credential/support/index.html?user_id=80840&hash=9805d72a48bbb9df,1
http://pay.amazon.meta.user-343.website/auth/step2,1
http://verify-paypal-service.ga/banking?ref=868273,1
http://bit.ly/amazon_google_49,1
http://71.81.100.22/amazon/meta.php?token=409724,1
http://8.108.242.6/binance/secure.php?token=396673,1
